2.521522521972656250e+00,5.335690379142761230e-01,1.830270767211914062e+01,6.204628753662109375e+01,1.060980224609375000e+02,1.251419754028320312e+02,1.101982727050781250e+02,8.386557769775390625e+01,4.682428741455078125e+01,1.604746055603027344e+01,-1.099174380302429199e+00,-7.229852199554443359e+00,-7.634805202484130859e+00,-5.539197921752929688e+00,-1.140933513641357422e+00,-3.178492486476898193e-01,-5.486782193183898926e-01,-1.607196331024169922e-01,6.550110578536987305e-01,2.850967347621917725e-01
2.291706562042236328e+00,3.350327610969543457e-01,2.981528759002685547e+00,7.637575149536132812e+00,1.471379566192626953e+01,1.723796844482421875e+01,1.486161231994628906e+01,1.489326000213623047e+01,1.076434421539306641e+01,5.882718086242675781e+00,5.373688697814941406e+00,5.103670120239257812e+00,3.805899143218994141e+00,1.990735411643981934e+00,2.287268877029418945e+00,8.849103450775146484e-01,7.103828787803649902e-01,3.323411941528320312e-02,8.440911173820495605e-01,3.417371213436126709e-01
2.991936683654785156e+00,1.376991569995880127e-01,8.696915626525878906e+00,2.517402458190917969e+01,4.418008804321289062e+01,5.131116867065429688e+01,4.462687301635742188e+01,3.651220321655273438e+01,2.075946426391601562e+01,8.537511825561523438e+00,1.822503209114074707e+00,-5.135042965412139893e-02,-1.276324689388275146e-01,1.072704493999481201e-01,2.412681281566619873e-01,-1.182146184146404266e-02,7.641677856445312500e-01,-2.262100428342819214e-01,1.037660002708435059e+00,1.021146416664123535e+00
-3.237122774124145508e+00,1.077962756156921387e+00,3.099197578430175781e+01,1.118166503906250000e+02,2.027271881103515625e+02,2.612467651367187500e+02,2.828580322265625000e+02,2.537142028808593750e+02,2.097649841308593750e+02,1.559210510253906250e+02,1.009973449707031250e+02,5.707149124145507812e+01,3.023472213745117188e+01,1.545564174652099609e+01,3.277774333953857422e+00,5.397027730941772461e-01,1.145515203475952148e+00,1.666420549154281616e-01,-6.278937458992004395e-01,-1.017500534653663635e-01
2.332572937011718750e+00,3.215816318988800049e-01,1.509820747375488281e+01,4.859612274169921875e+01,8.473975372314453125e+01,1.013826904296875000e+02,9.405357360839843750e+01,7.644203948974609375e+01,4.885343170166015625e+01,2.538493919372558594e+01,9.381265640258789062e+00,1.818889141082763672e+00,-5.733254551887512207e-01,-6.853905916213989258e-01,-4.771685898303985596e-01,-3.156293034553527832e-01,4.088743329048156738e-01,-2.116122543811798096e-01,7.861889600753784180e-01,8.221168518066406250e-01
1.853143334388732910e+00,4.330565929412841797e-01,1.697877883911132812e+01,5.612321472167968750e+01,9.712261962890625000e+01,1.162407836914062500e+02,1.074421768188476562e+02,8.564168548583984375e+01,5.381287384033203125e+01,2.639943885803222656e+01,8.334473609924316406e+00,-1.642626225948333740e-01,-2.666559219360351562e+00,-2.301250696182250977e+00,-9.270572066307067871e-01,-4.247860312461853027e-01,6.906178593635559082e-02,-1.834023743867874146e-01,5.184127092361450195e-01,4.390211403369903564e-01
1.412526726722717285e+00,4.501641392707824707e-01,2.094011116027832031e+01,6.958032226562500000e+01,1.224975051879882812e+02,1.499394531250000000e+02,1.468165740966796875e+02,1.230784912109375000e+02,8.695904541015625000e+01,5.370950317382812500e+01,2.687920379638671875e+01,1.105669212341308594e+01,4.025531291961669922e+00,1.672625064849853516e+00,-5.080998539924621582e-01,-5.047068595886230469e-01,5.165414810180664062e-01,-1.790807843208312988e-01,5.540639758110046387e-01,8.314905166625976562e-01
-2.347937107086181641e+00,9.990657567977905273e-01,2.972160148620605469e+01,1.069349365234375000e+02,1.940188598632812500e+02,2.494482727050781250e+02,2.686495056152343750e+02,2.411033325195312500e+02,1.985372161865234375e+02,1.470275268554687500e+02,9.518814849853515625e+01,5.407937240600585938e+01,2.887728881835937500e+01,1.487065219879150391e+01,3.489264488220214844e+00,6.526657342910766602e-01,1.128717422485351562e+00,1.545966416597366333e-01,-3.064021468162536621e-01,1.718091368675231934e-01
-4.179300740361213684e-02,5.856496095657348633e-01,8.003462791442871094e+00,3.320755767822265625e+01,6.434477996826171875e+01,8.844260406494140625e+01,1.025181121826171875e+02,1.023135528564453125e+02,9.588230133056640625e+01,7.794064331054687500e+01,6.067032241821289062e+01,4.168235778808593750e+01,2.514256668090820312e+01,1.336155414581298828e+01,7.214599132537841797e+00,2.738986968994140625e+00,1.020199894905090332e+00,2.097075432538986206e-01,1.498970389366149902e-01,-3.334355652332305908e-01
9.635503292083740234e-01,9.790451526641845703e-01,2.078737831115722656e+01,7.809694671630859375e+01,1.449741668701171875e+02,1.878707580566406250e+02,2.020001525878906250e+02,1.877699432373046875e+02,1.590598907470703125e+02,1.208306198120117188e+02,8.375323486328125000e+01,5.230833053588867188e+01,3.076378631591796875e+01,1.650425529479980469e+01,7.161654472351074219e+00,2.449164628982543945e+00,9.424623250961303711e-01,2.297307699918746948e-01,1.223721623420715332e+00,1.045420765876770020e+00
-2.175745964050292969e+00,1.107944011688232422e+00,1.876772499084472656e+01,7.390387725830078125e+01,1.384060211181640625e+02,1.841801452636718750e+02,2.079151458740234375e+02,1.963168792724609375e+02,1.745659332275390625e+02,1.373873596191406250e+02,9.870208740234375000e+01,6.232633209228515625e+01,3.600992584228515625e+01,1.878506088256835938e+01,7.828666687011718750e+00,2.626382112503051758e+00,1.069431900978088379e+00,4.056587815284729004e-01,-1.036676391959190369e-01,-3.945291042327880859e-01
2.302474737167358398e+00,4.843786358833312988e-01,1.746734428405761719e+01,5.857263565063476562e+01,1.005734634399414062e+02,1.191538467407226562e+02,1.065981979370117188e+02,8.249629974365234375e+01,4.805444717407226562e+01,1.916849708557128906e+01,2.128065586090087891e+00,-4.625535488128662109e+00,-5.701296329498291016e+00,-4.242689132690429688e+00,-1.034373879432678223e+00,-3.472018837928771973e-01,-2.904720902442932129e-01,-1.736864298582077026e-01,6.226404905319213867e-01,3.650632202625274658e-01
5.387377738952636719e+00,3.485852479934692383e-01,8.860310554504394531e+00,3.958031082153320312e+01,7.972100830078125000e+01,1.102027511596679688e+02,1.217410354614257812e+02,1.291859741210937500e+02,1.217097320556640625e+02,1.005513153076171875e+02,8.215819549560546875e+01,6.139006042480468750e+01,3.936687469482421875e+01,2.224378013610839844e+01,1.426502799987792969e+01,5.853712081909179688e+00,1.248358130455017090e+00,2.146596461534500122e-01,2.251391172409057617e+00,1.603528380393981934e+00
-2.180945873260498047e+00,1.379435539245605469e+00,2.713767623901367188e+01,1.053976364135742188e+02,1.961147460937500000e+02,2.583199462890625000e+02,2.868193359375000000e+02,2.678417968750000000e+02,2.334847412109375000e+02,1.815586090087890625e+02,1.274421386718750000e+02,7.902223968505859375e+01,4.545419692993164062e+01,2.390258216857910156e+01,9.383821487426757812e+00,3.073302030563354492e+00,1.145589351654052734e+00,4.808638095855712891e-01,2.661560773849487305e-01,1.527644395828247070e-01
-3.375837564468383789e+00,9.335581064224243164e-01,2.952606964111328125e+01,1.204060440063476562e+02,2.270463867187500000e+02,3.092976989746093750e+02,3.549561462402343750e+02,3.430751037597656250e+02,3.126758422851562500e+02,2.519773864746093750e+02,1.860094451904296875e+02,1.216974334716796875e+02,7.028421783447265625e+01,3.757464599609375000e+01,1.668999671936035156e+01,6.148540496826171875e+00,1.923909187316894531e+00,4.966891407966613770e-01,-1.134125471115112305e+00,-9.262740612030029297e-01
3.401245117187500000e+00,1.931625306606292725e-01,1.071486473083496094e+01,3.261460113525390625e+01,5.628178787231445312e+01,6.473234558105468750e+01,5.411191558837890625e+01,4.168031311035156250e+01,2.057828903198242188e+01,4.627602577209472656e+00,-3.187158346176147461e+00,-4.437604427337646484e+00,-3.391242504119873047e+00,-1.983910799026489258e+00,-2.025710642337799072e-01,-1.047924160957336426e-01,3.998651504516601562e-01,-2.316056042909622192e-01,1.128692865371704102e+00,1.012580990791320801e+00
3.116779327392578125e+00,7.683125138282775879e-01,2.312225532531738281e+01,8.096747589111328125e+01,1.377527618408203125e+02,1.619818878173828125e+02,1.400881958007812500e+02,1.042741546630859375e+02,5.540545654296875000e+01,1.504277420043945312e+01,-6.146187782287597656e+00,-1.291932964324951172e+01,-1.246064662933349609e+01,-8.960994720458984375e+00,-1.477433085441589355e+00,-2.325931787490844727e-01,-1.381350517272949219e+00,-1.297710686922073364e-01,8.080410361289978027e-01,1.346759796142578125e-01
-5.516621470451354980e-01,1.099452614784240723e+00,4.123108673095703125e+01,1.447257537841796875e+02,2.542028045654296875e+02,3.143844909667968750e+02,3.126057739257812500e+02,2.611264343261718750e+02,1.891081848144531250e+02,1.197476348876953125e+02,6.160907745361328125e+01,2.496297264099121094e+01,7.957736492156982422e+00,2.272092342376708984e+00,-1.395903587341308594e+00,-9.593613147735595703e-01,-3.745535314083099365e-01,-7.809701561927795410e-02,-4.839149862527847290e-02,3.900353610515594482e-01
4.901589870452880859e+00,-7.934981584548950195e-02,1.194230556488037109e+01,5.518959045410156250e+01,1.106160049438476562e+02,1.576509399414062500e+02,1.812180023193359375e+02,1.926069183349609375e+02,1.855788879394531250e+02,1.559128875732421875e+02,1.270991134643554688e+02,9.371585845947265625e+01,5.811405181884765625e+01,3.267045593261718750e+01,1.972719764709472656e+01,8.111865043640136719e+00,1.827631473541259766e+00,1.589937061071395874e-01,1.337229371070861816e+00,1.053210616111755371e+00
-1.528841733932495117e+00,9.374456405639648438e-01,2.788438415527343750e+01,9.969760894775390625e+01,1.807389678955078125e+02,2.315405731201171875e+02,2.474561462402343750e+02,2.216758880615234375e+02,1.810345764160156250e+02,1.331880798339843750e+02,8.562231445312500000e+01,4.848016738891601562e+01,2.600767135620117188e+01,1.348492431640625000e+01,3.216942071914672852e+00,6.570402383804321289e-01,1.033577203750610352e+00,8.626466989517211914e-02,5.741700530052185059e-03,4.224878847599029541e-01
1.638595163822174072e-01,8.919135332107543945e-01,2.978442382812500000e+01,1.042765655517578125e+02,1.805860900878906250e+02,2.198980255126953125e+02,2.104217834472656250e+02,1.692352447509765625e+02,1.138007507324218750e+02,6.285751342773437500e+01,2.584114646911621094e+01,5.151878356933593750e+00,-2.885698556900024414e+00,-3.789536952972412109e+00,-1.913512229919433594e+00,-8.006143569946289062e-01,-7.847304344177246094e-01,-9.204111993312835693e-02,-1.569335460662841797e-01,-2.770789265632629395e-01
-1.136586666107177734e+00,1.424671888351440430e+00,4.331368255615234375e+01,1.557881774902343750e+02,2.689270629882812500e+02,3.280602111816406250e+02,3.137733764648437500e+02,2.502387695312500000e+02,1.679916992187500000e+02,9.153191375732421875e+01,3.647552108764648438e+01,5.352019309997558594e+00,-6.650913238525390625e+00,-7.574292182922363281e+00,-3.125862360000610352e+00,-1.133610248565673828e+00,-2.029476642608642578e+00,7.224127650260925293e-03,-7.769680619239807129e-01,-1.129888415336608887e+00
2.563824415206909180e+00,1.870743036270141602e-01,5.234407901763916016e+00,1.457734107971191406e+01,2.624566841125488281e+01,3.043986892700195312e+01,2.613718414306640625e+01,2.275627899169921875e+01,1.394274997711181641e+01,6.156638622283935547e+00,3.353238344192504883e+00,2.566134929656982422e+00,1.906457662582397461e+00,1.089514255523681641e+00,1.347305536270141602e+00,4.568586051464080811e-01,7.570295929908752441e-01,-1.186905279755592346e-01,8.692116737365722656e-01,6.226736307144165039e-01
2.003874540328979492e+00,3.965579867362976074e-01,5.528585910797119141e+00,1.936071968078613281e+01,3.685670471191406250e+01,4.722806930541992188e+01,4.887045669555664062e+01,4.760010147094726562e+01,4.052459716796875000e+01,3.005858993530273438e+01,2.310945892333984375e+01,1.646522712707519531e+01,1.056802845001220703e+01,5.740150928497314453e+00,3.817832231521606445e+00,1.457725882530212402e+00,7.972859144210815430e-01,1.676598191261291504e-02,9.014483690261840820e-01,4.608376920223236084e-01
2.410821914672851562e-01,7.733423709869384766e-01,3.144801712036132812e+01,1.088128814697265625e+02,1.954620971679687500e+02,2.459686584472656250e+02,2.548283843994140625e+02,2.236637878417968750e+02,1.742773742675781250e+02,1.228822631835937500e+02,7.385964202880859375e+01,3.922690582275390625e+01,2.026926422119140625e+01,1.066351890563964844e+01,1.552207708358764648e+00,-6.666227430105209351e-02,1.010405778884887695e+00,-6.919248402118682861e-02,6.530781388282775879e-01,1.349742650985717773e+00
1.509243249893188477e+00,1.274238228797912598e+00,4.137446975708007812e+01,1.490749053955078125e+02,2.537985229492187500e+02,3.028846740722656250e+02,2.727766723632812500e+02,2.064006652832031250e+02,1.213661422729492188e+02,4.675321197509765625e+01,2.253782510757446289e+00,-1.634953308105468750e+01,-2.062996673583984375e+01,-1.547396850585937500e+01,-3.679865598678588867e+00,-6.074645519256591797e-01,-3.422907114028930664e+00,-3.498034775257110596e-01,-1.937243640422821045e-01,-1.824118494987487793e+00
-1.169595360755920410e+00,9.280786514282226562e-01,2.835531425476074219e+01,1.158736572265625000e+02,2.193435516357421875e+02,2.975597534179687500e+02,3.379430541992187500e+02,3.279817199707031250e+02,2.977163696289062500e+02,2.394549560546875000e+02,1.774110565185546875e+02,1.172963104248046875e+02,6.877365875244140625e+01,3.712229537963867188e+01,1.739300537109375000e+01,6.514119148254394531e+00,1.795976996421813965e+00,4.880349636077880859e-01,-8.779373019933700562e-02,-3.470900654792785645e-02
1.807259559631347656e+00,3.617947995662689209e-01,5.652719497680664062e+00,1.899794578552246094e+01,3.565618133544921875e+01,4.517835617065429688e+01,4.615665054321289062e+01,4.404290008544921875e+01,3.645853042602539062e+01,2.625946235656738281e+01,1.964208221435546875e+01,1.374635982513427734e+01,8.707918167114257812e+00,4.691061019897460938e+00,3.105686187744140625e+00,1.164071083068847656e+00,7.913486957550048828e-01,-1.072477549314498901e-02,7.608650326728820801e-01,3.795337975025177002e-01
1.863703250885009766e+00,7.774789929389953613e-01,2.387071418762207031e+01,8.345663452148437500e+01,1.426179046630859375e+02,1.697427825927734375e+02,1.524803466796875000e+02,1.165014877319335938e+02,6.818753051757812500e+01,2.674329757690429688e+01,2.310094594955444336e+00,-7.942603588104248047e+00,-9.794500350952148438e+00,-7.523758888244628906e+00,-1.748508691787719727e+00,-4.692937731742858887e-01,-1.148928403854370117e+00,-1.154647842049598694e-01,3.428903818130493164e-01,-1.653595566749572754e-01
-3.004166364669799805e+00,1.251461148262023926e+00,2.811563682556152344e+01,1.058850021362304688e+02,1.948766174316406250e+02,2.548247070312500000e+02,2.811189575195312500e+02,2.584272766113281250e+02,2.213849945068359375e+02,1.695970458984375000e+02,1.158615646362304688e+02,6.956585693359375000e+01,3.882263946533203125e+01,2.015182495117187500e+01,6.692886352539062500e+00,1.959602713584899902e+00,1.156245112419128418e+00,3.580999970436096191e-01,-2.958209216594696045e-01,-1.586196273565292358e-01
-3.602510452270507812e+00,1.227175593376159668e+00,2.866377639770507812e+01,1.069587707519531250e+02,1.960356597900390625e+02,2.559040679931640625e+02,2.821789550781250000e+02,2.578592529296875000e+02,2.197533264160156250e+02,1.675990295410156250e+02,1.132757263183593750e+02,6.699110412597656250e+01,3.682368469238281250e+01,1.897121047973632812e+01,5.659634113311767578e+00,1.534473419189453125e+00,1.152220129966735840e+00,3.137986660003662109e-01,-6.061896681785583496e-01,-3.689303398132324219e-01
3.862337589263916016e+00,8.609613180160522461e-01,2.948081779479980469e+01,1.039761734008789062e+02,1.759870300292968750e+02,2.063921356201171875e+02,1.763561096191406250e+02,1.292011260986328125e+02,6.595248413085937500e+01,1.375442886352539062e+01,-1.286257839202880859e+01,-1.990576934814453125e+01,-1.897731781005859375e+01,-1.314211177825927734e+01,-2.192221164703369141e+00,-8.442488312721252441e-02,-2.377461194992065430e+00,-3.286419808864593506e-01,7.795852422714233398e-01,-5.638853907585144043e-01
3.520386695861816406e+00,6.831942796707153320e-01,2.115590667724609375e+01,7.384165954589843750e+01,1.247089614868164062e+02,1.447441101074218750e+02,1.205675888061523438e+02,8.637709045410156250e+01,4.010207366943359375e+01,2.825141906738281250e+00,-1.419421863555908203e+01,-1.744373130798339844e+01,-1.507635116577148438e+01,-1.037489318847656250e+01,-1.547455906867980957e+00,-1.782437711954116821e-01,-1.519370198249816895e+00,-1.746086180210113525e-01,8.609213829040527344e-01,-2.017273753881454468e-02
9.506896138191223145e-03,2.566066086292266846e-01,1.688474845886230469e+01,7.276428985595703125e+01,1.407097930908203125e+02,1.974589996337890625e+02,2.305847320556640625e+02,2.329031829833984375e+02,2.201890106201171875e+02,1.820263671875000000e+02,1.416723480224609375e+02,9.834844207763671875e+01,5.839758682250976562e+01,3.185172462463378906e+01,1.667832756042480469e+01,6.573477745056152344e+00,1.875037670135498047e+00,2.641721963882446289e-01,-4.878962635993957520e-01,-5.188063383102416992e-01
-4.134006500244140625e+00,1.167927384376525879e+00,3.880237960815429688e+01,1.378992309570312500e+02,2.482867584228515625e+02,3.178255615234375000e+02,3.410552673339843750e+02,3.020390319824218750e+02,2.450592193603515625e+02,1.794138031005859375e+02,1.123045730590820312e+02,6.077198410034179688e+01,3.098307609558105469e+01,1.569705009460449219e+01,1.711332917213439941e+00,-2.603629231452941895e-01,1.201045155525207520e+00,9.667573869228363037e-02,-9.174025654792785645e-01,1.173157989978790283e-02
-1.059913039207458496e+00,7.056620717048645020e-01,2.831093597412109375e+01,9.731946563720703125e+01,1.741926574707031250e+02,2.197680664062500000e+02,2.297407684326171875e+02,2.008518218994140625e+02,1.571854858398437500e+02,1.109954071044921875e+02,6.649762725830078125e+01,3.463201141357421875e+01,1.719912910461425781e+01,8.772384643554687500e+00,5.241282582283020020e-01,-4.427174031734466553e-01,1.021609663963317871e+00,-7.479408383369445801e-02,-7.249092310667037964e-02,5.973173379898071289e-01
3.154778718948364258e+00,4.441634416580200195e-01,1.509755039215087891e+01,5.019970703125000000e+01,8.523050689697265625e+01,9.865125274658203125e+01,8.231967926025390625e+01,6.021425247192382812e+01,2.837072181701660156e+01,3.295413255691528320e+00,-8.381803512573242188e+00,-1.054096221923828125e+01,-8.843228340148925781e+00,-5.945792198181152344e+00,-9.472333788871765137e-01,-1.840891093015670776e-01,-4.691215157508850098e-01,-1.866899430751800537e-01,8.865564465522766113e-01,4.509567320346832275e-01
3.609700202941894531e+00,1.178980097174644470e-01,8.025488853454589844e+00,2.222056770324707031e+01,3.874777984619140625e+01,4.337999725341796875e+01,3.437017822265625000e+01,2.662612724304199219e+01,1.122581863403320312e+01,1.874034702777862549e-01,-4.128359794616699219e+00,-3.607800722122192383e+00,-2.105490922927856445e+00,-1.018764734268188477e+00,1.974449753761291504e-01,-4.189803823828697205e-02,6.798788309097290039e-01,-1.958751380443572998e-01,1.228489995002746582e+00,1.138540625572204590e+00
-3.135104417800903320e+00,1.095857262611389160e+00,4.391746139526367188e+01,1.537758483886718750e+02,2.756764221191406250e+02,3.498617248535156250e+02,3.696493530273437500e+02,3.241944274902343750e+02,2.571127319335937500e+02,1.846201629638671875e+02,1.116987609863281250e+02,5.837995529174804688e+01,2.905079650878906250e+01,1.483054161071777344e+01,6.321519613265991211e-01,-7.822197079658508301e-01,1.190218210220336914e+00,-5.111962556838989258e-03,-5.087291002273559570e-01,7.256462574005126953e-01
-9.235072135925292969e-02,8.526829481124877930e-01,3.387957763671875000e+01,1.174215469360351562e+02,2.065418090820312500e+02,2.553086547851562500e+02,2.542548980712890625e+02,2.131458740234375000e+02,1.546374206542968750e+02,9.845097351074218750e+01,5.108267974853515625e+01,2.125357627868652344e+01,7.330599308013916016e+00,2.525793313980102539e+00,-1.094743132591247559e+00,-8.461087942123413086e-01,2.669499814510345459e-02,-1.119996979832649231e-01,9.109944105148315430e-02,5.175280570983886719e-01
-1.491304159164428711e+00,1.373604774475097656e+00,4.157339096069335938e+01,1.491864776611328125e+02,2.575764770507812500e+02,3.146010742187500000e+02,3.021934509277343750e+02,2.414089508056640625e+02,1.630579681396484375e+02,8.983835601806640625e+01,3.655814361572265625e+01,6.036637783050537109e+00,-5.912285327911376953e+00,-7.018123626708984375e+00,-3.183705091476440430e+00,-1.197783946990966797e+00,-1.833863735198974609e+00,-6.295442581176757812e-04,-9.098973870277404785e-01,-1.209767580032348633e+00
-1.968092322349548340e+00,1.016868710517883301e+00,3.796352386474609375e+01,1.325652923583984375e+02,2.329872589111328125e+02,2.896152648925781250e+02,2.924717102050781250e+02,2.454598541259765625e+02,1.810616607666015625e+02,1.174552764892578125e+02,6.227825164794921875e+01,2.617937850952148438e+01,8.875656127929687500e+00,2.852448225021362305e+00,-1.846476316452026367e+00,-1.238879680633544922e+00,-2.573995292186737061e-02,-6.888302415609359741e-02,-6.710885167121887207e-01,-1.354244053363800049e-01
2.124083280563354492e+00,2.913004457950592041e-01,1.612635040283203125e+01,5.174529647827148438e+01,9.176963043212890625e+01,1.119396591186523438e+02,1.092291946411132812e+02,9.301072692871093750e+01,6.582321166992187500e+01,4.128403091430664062e+01,2.142378234863281250e+01,9.926159858703613281e+00,4.703626632690429688e+00,2.572778224945068359e+00,8.954323828220367432e-02,-2.641243040561676025e-01,8.294928073883056641e-01,-2.108711302280426025e-01,8.708552122116088867e-01,1.140540599822998047e+00
5.911752581596374512e-01,7.036014199256896973e-01,1.027428627014160156e+01,4.198367309570312500e+01,8.076684570312500000e+01,1.090945281982421875e+02,1.234165649414062500e+02,1.215640258789062500e+02,1.113376159667968750e+02,8.932916259765625000e+01,6.818577575683593750e+01,4.634064483642578125e+01,2.814966773986816406e+01,1.508284854888916016e+01,8.063361167907714844e+00,3.037319421768188477e+00,1.006485819816589355e+00,2.518456578254699707e-01,6.114413142204284668e-01,1.076974868774414062e-01
-3.953475236892700195e+00,1.312421441078186035e+00,2.363631248474121094e+01,9.295703887939453125e+01,1.732631072998046875e+02,2.309598999023437500e+02,2.620824584960937500e+02,2.460101470947265625e+02,2.186030120849609375e+02,1.721703796386718750e+02,1.224776611328125000e+02,7.615187072753906250e+01,4.327102279663085938e+01,2.241510009765625000e+01,8.509385108947753906e+00,2.765793800354003906e+00,1.195059180259704590e+00,4.880812168121337891e-01,-7.011981606483459473e-01,-8.498948812484741211e-01
-8.903540968894958496e-01,5.280924439430236816e-01,1.249651908874511719e+01,5.227988433837890625e+01,1.004017868041992188e+02,1.390539703369140625e+02,1.621841735839843750e+02,1.610579833984375000e+02,1.508410491943359375e+02,1.232701110839843750e+02,9.473282623291015625e+01,6.440994262695312500e+01,3.803526687622070312e+01,2.034728622436523438e+01,1.029843139648437500e+01,3.914135217666625977e+00,1.349095344543457031e+00,2.607443332672119141e-01,-3.927645981311798096e-01,-6.584455966949462891e-01
-5.542382225394248962e-02,5.294061303138732910e-01,8.002092361450195312e+00,3.365801239013671875e+01,6.547055816650390625e+01,9.085117340087890625e+01,1.061533432006835938e+02,1.068399734497070312e+02,1.010537567138671875e+02,8.274061584472656250e+01,6.492649841308593750e+01,4.498456192016601562e+01,2.708790969848632812e+01,1.445213222503662109e+01,7.867941856384277344e+00,3.021585226058959961e+00,1.105761170387268066e+00,2.104666382074356079e-01,3.300680965185165405e-02,-4.218209683895111084e-01
2.500048160552978516e+00,4.358699917793273926e-01,1.593524169921875000e+01,5.282676696777343750e+01,9.055243682861328125e+01,1.066284103393554688e+02,9.397341156005859375e+01,7.206985473632812500e+01,4.036440277099609375e+01,1.425834083557128906e+01,-4.089175462722778320e-01,-5.583905696868896484e+00,-5.898575305938720703e+00,-4.212044239044189453e+00,-9.468085765838623047e-01,-3.074920177459716797e-01,-2.083269357681274414e-01,-1.842542886734008789e-01,6.966981887817382812e-01,4.314034283161163330e-01
-5.075669288635253906e+00,1.220341205596923828e+00,2.892299842834472656e+01,1.074101715087890625e+02,1.961710815429687500e+02,2.566560363769531250e+02,2.853058471679687500e+02,2.595547485351562500e+02,2.217906951904296875e+02,1.692453308105468750e+02,1.138157653808593750e+02,6.635755157470703125e+01,3.566228866577148438e+01,1.805570983886718750e+01,4.595036983489990234e+00,1.029384970664978027e+00,1.224971413612365723e+00,3.287596702575683594e-01,-1.330456376075744629e+00,-9.928016662597656250e-01
2.488376379013061523e+00,3.585785925388336182e-01,1.592045211791992188e+01,5.177767181396484375e+01,9.011474609375000000e+01,1.076247863769531250e+02,9.911567687988281250e+01,7.998759460449218750e+01,5.039887237548828125e+01,2.532729148864746094e+01,8.633390426635742188e+00,9.744233489036560059e-01,-1.288642525672912598e+00,-1.194167733192443848e+00,-4.930434525012969971e-01,-2.930207252502441406e-01,2.731944322586059570e-01,-2.021158635616302490e-01,8.448126912117004395e-01,8.284670114517211914e-01
3.817653894424438477e+00,2.154363393783569336e-01,9.055417060852050781e+00,2.648106575012207031e+01,4.554147338867187500e+01,5.079745101928710938e+01,3.898782348632812500e+01,2.851380538940429688e+01,9.973749160766601562e+00,-3.421803712844848633e+00,-7.898519992828369141e+00,-6.686121940612792969e+00,-4.419587135314941406e+00,-2.614896297454833984e+00,7.859414070844650269e-02,1.179384067654609680e-02,3.576342463493347168e-01,-1.667577624320983887e-01,1.255571126937866211e+00,9.994299411773681641e-01
-4.806600093841552734e+00,1.386706113815307617e+00,2.725807762145996094e+01,1.051693878173828125e+02,1.945330047607421875e+02,2.575042114257812500e+02,2.901783142089843750e+02,2.691224365234375000e+02,2.358809204101562500e+02,1.838604278564453125e+02,1.281433868408203125e+02,7.783660125732421875e+01,4.344299316406250000e+01,2.233417701721191406e+01,7.531098842620849609e+00,2.250083446502685547e+00,1.218842387199401855e+00,4.870460033416748047e-01,-9.828476309776306152e-01,-9.512776136398315430e-01
7.480136752128601074e-01,8.777358531951904297e-01,2.706892013549804688e+01,9.519973754882812500e+01,1.634087829589843750e+02,1.967676391601562500e+02,1.824959259033203125e+02,1.425258331298828125e+02,8.965502929687500000e+01,4.264411544799804688e+01,1.197862339019775391e+01,-3.217842340469360352e+00,-7.810338973999023438e+00,-6.685953140258789062e+00,-2.093441486358642578e+00,-6.783727407455444336e-01,-1.154188990592956543e+00,-9.646066278219223022e-02,-6.647375971078872681e-02,-4.591811299324035645e-01
3.018844604492187500e+00,2.654536366462707520e-01,1.249125480651855469e+01,3.921720504760742188e+01,6.782798004150390625e+01,7.930213928222656250e+01,6.924443817138671875e+01,5.430521392822265625e+01,3.020264053344726562e+01,1.107809257507324219e+01,3.183817267417907715e-01,-3.028905868530273438e+00,-2.998055934906005859e+00,-1.936250448226928711e+00,-3.787000775337219238e-01,-1.842585951089859009e-01,3.246829509735107422e-01,-2.229265570640563965e-01,9.989964962005615234e-01,8.984228372573852539e-01
-1.697148442268371582e+00,1.320045948028564453e+00,4.299401473999023438e+01,1.533079071044921875e+02,2.664726867675781250e+02,3.276247558593750000e+02,3.204090881347656250e+02,2.609604492187500000e+02,1.826462707519531250e+02,1.080661315917968750e+02,5.007669448852539062e+01,1.500667667388916016e+01,-6.181818619370460510e-02,-3.341745853424072266e+00,-2.707180738449096680e+00,-1.217224121093750000e+00,-1.319140672683715820e+00,-1.670656353235244751e-02,-8.079615235328674316e-01,-7.902935743331909180e-01
-1.424947857856750488e+00,1.085710644721984863e+00,3.701489639282226562e+01,1.304223480224609375e+02,2.273991394042968750e+02,2.803122863769531250e+02,2.765528259277343750e+02,2.273518371582031250e+02,1.614425201416015625e+02,9.830297851562500000e+01,4.762768936157226562e+01,1.634473228454589844e+01,2.469296693801879883e+00,-1.149015307426452637e+00,-2.229269742965698242e+00,-1.110868811607360840e+00,-6.916797161102294922e-01,-6.984476745128631592e-02,-6.317434906959533691e-01,-4.597688615322113037e-01
2.562958717346191406e+00,6.562246084213256836e-01,2.120764160156250000e+01,7.331504058837890625e+01,1.251315155029296875e+02,1.477957305908203125e+02,1.300878448486328125e+02,9.837448120117187500e+01,5.481580734252929688e+01,1.833314895629882812e+01,-1.860804080963134766e+00,-9.177304267883300781e+00,-9.698649406433105469e+00,-7.121969223022460938e+00,-1.371989965438842773e+00,-3.350922465324401855e-01,-9.510502815246582031e-01,-1.303562670946121216e-01,6.199420094490051270e-01,1.222006380558013916e-01
1.933505058288574219e+00,6.325640082359313965e-01,2.164161300659179688e+01,7.421575927734375000e+01,1.276771621704101562e+02,1.525658721923828125e+02,1.392540893554687500e+02,1.087976989746093750e+02,6.647123718261718750e+01,2.990185356140136719e+01,6.982804775238037109e+00,-3.385912418365478516e+00,-6.026738166809082031e+00,-4.866221904754638672e+00,-1.307991027832031250e+00,-4.538272619247436523e-01,-5.804711580276489258e-01,-1.403202265501022339e-01,4.745629727840423584e-01,1.873597800731658936e-01
-6.335449218750000000e+00,1.633551955223083496e+00,3.220798492431640625e+01,1.248541030883789062e+02,2.307924957275390625e+02,3.059644775390625000e+02,3.458387145996093750e+02,3.204330444335937500e+02,2.813022460937500000e+02,2.197394714355468750e+02,1.528276519775390625e+02,9.237878417968750000e+01,5.132338333129882812e+01,2.633395195007324219e+01,8.503269195556640625e+00,2.502009153366088867e+00,1.322172284126281738e+00,5.877778530120849609e-01,-1.392440438270568848e+00,-1.266182303428649902e+00
2.851807117462158203e+00,3.232442587614059448e-02,1.759378242492675781e+01,7.781700897216796875e+01,1.523405609130859375e+02,2.147698516845703125e+02,2.484360046386718750e+02,2.557321777343750000e+02,2.429493560791015625e+02,2.020765838623046875e+02,1.598400573730468750e+02,1.138454437255859375e+02,6.887475585937500000e+01,3.820581054687500000e+01,2.134641075134277344e+01,8.593513488769531250e+00,2.103724002838134766e+00,2.716848850250244141e-01,4.687750041484832764e-01,4.122102558612823486e-01
4.346960544586181641e+00,7.197091728448867798e-02,9.657489776611328125e+00,4.645423126220703125e+01,9.573999786376953125e+01,1.439763488769531250e+02,1.728669433593750000e+02,1.913537597656250000e+02,1.915734405517578125e+02,1.653350830078125000e+02,1.382959899902343750e+02,1.043738174438476562e+02,6.433539581298828125e+01,3.595133209228515625e+01,2.216176033020019531e+01,9.592773437500000000e+00,2.277781009674072266e+00,3.692703247070312500e-01,4.682914018630981445e-01,-5.022634565830230713e-02
2.770966053009033203e+00,3.750893771648406982e-01,1.517934036254882812e+01,4.961186218261718750e+01,8.546342468261718750e+01,1.006645431518554688e+02,8.904851531982421875e+01,6.925887298583984375e+01,3.952440261840820312e+01,1.515348625183105469e+01,1.115264296531677246e+00,-3.925076246261596680e+00,-4.419702053070068359e+00,-3.135261774063110352e+00,-6.651171445846557617e-01,-2.549366950988769531e-01,5.546256899833679199e-03,-1.928883492946624756e-01,8.527274131774902344e-01,6.689884662628173828e-01
2.044321060180664062e+00,2.411361634731292725e-01,1.297002792358398438e+01,4.047319793701171875e+01,7.144839477539062500e+01,8.634577178955078125e+01,8.278079986572265625e+01,6.974248504638671875e+01,4.767642211914062500e+01,2.834033584594726562e+01,1.369746494293212891e+01,5.826783657073974609e+00,2.549379348754882812e+00,1.393391370773315430e+00,-9.068236500024795532e-02,-2.590512633323669434e-01,8.031924366950988770e-01,-2.124950885772705078e-01,7.444588541984558105e-01,9.070341587066650391e-01
2.650933504104614258e+00,6.081055998802185059e-01,1.896278381347656250e+01,6.502564239501953125e+01,1.105328521728515625e+02,1.296101379394531250e+02,1.118650970458984375e+02,8.310098266601562500e+01,4.352003097534179688e+01,1.105072975158691406e+01,-5.750679492950439453e+00,-1.086163711547851562e+01,-1.025245666503906250e+01,-7.272388458251953125e+00,-1.380332589149475098e+00,-3.057080805301666260e-01,-8.632649183273315430e-01,-1.527617424726486206e-01,6.475075483322143555e-01,1.250441074371337891e-01
3.212827682495117188e+00,2.020877599716186523e-01,1.067031192779541016e+01,3.245599746704101562e+01,5.595661163330078125e+01,6.446806335449218750e+01,5.422047424316406250e+01,4.176523971557617188e+01,2.086501884460449219e+01,4.981194496154785156e+00,-2.925279140472412109e+00,-4.345592975616455078e+00,-3.401723861694335938e+00,-2.019197940826416016e+00,-2.938016951084136963e-01,-1.388323009014129639e-01,4.028526544570922852e-01,-2.317077815532684326e-01,1.048376798629760742e+00,9.347615242004394531e-01
2.170909166336059570e+00,2.381334304809570312e-01,4.917625904083251953e+00,1.458940219879150391e+01,2.670302581787109375e+01,3.219542694091796875e+01,2.985055923461914062e+01,2.736519622802734375e+01,1.979113197326660156e+01,1.191709327697753906e+01,8.381915092468261719e+00,6.145642757415771484e+00,4.087082386016845703e+00,2.250967502593994141e+00,1.908134698867797852e+00,7.137246727943420410e-01,7.802142500877380371e-01,-9.594455361366271973e-02,7.635071277618408203e-01,4.617731273174285889e-01
3.375002861022949219e+00,1.520184874534606934e-01,6.905766010284423828e+00,1.833050155639648438e+01,3.211995315551757812e+01,3.572978210449218750e+01,2.790597724914550781e+01,2.195804023742675781e+01,9.018807411193847656e+00,-2.188133746385574341e-01,-3.421442270278930664e+00,-2.619096040725708008e+00,-1.341064453125000000e+00,-5.917510390281677246e-01,4.116616547107696533e-01,6.751981377601623535e-02,7.354205250740051270e-01,-1.649332046508789062e-01,1.158325910568237305e+00,1.009904265403747559e+00
2.951948046684265137e-01,5.487157106399536133e-01,1.708496856689453125e+01,5.879222488403320312e+01,1.061740798950195312e+02,1.342767333984375000e+02,1.402117462158203125e+02,1.247004623413085938e+02,9.905747222900390625e+01,7.054631805419921875e+01,4.454293441772460938e+01,2.514173698425292969e+01,1.352586936950683594e+01,7.035360813140869141e+00,1.937809944152832031e+00,4.075579345226287842e-01,9.085491895675659180e-01,-3.659004718065261841e-02,3.315423130989074707e-01,4.715441167354583740e-01
-2.156001806259155273e+00,8.730145692825317383e-01,2.565434265136718750e+01,9.155927276611328125e+01,1.658367919921875000e+02,2.130111846923828125e+02,2.293464355468750000e+02,2.053847351074218750e+02,1.687406616210937500e+02,1.244847488403320312e+02,8.037608337402343750e+01,4.543904495239257812e+01,2.406625747680664062e+01,1.230035972595214844e+01,2.735173702239990234e+00,4.522660076618194580e-01,1.083356976509094238e+00,1.056087762117385864e-01,-3.938806354999542236e-01,-7.662877440452575684e-03
1.351588606834411621e+00,6.305335164070129395e-01,2.189549827575683594e+01,7.492251586914062500e+01,1.293497772216796875e+02,1.557217254638671875e+02,1.451728668212890625e+02,1.151924285888671875e+02,7.358872222900390625e+01,3.686150360107421875e+01,1.220725727081298828e+01,-1.086533069610595703e-01,-4.069562911987304688e+00,-3.712407827377319336e+00,-1.366104006767272949e+00,-5.392064452171325684e-01,-4.114571213722229004e-01,-1.442494243383407593e-01,2.856061160564422607e-01,1.116954684257507324e-01
6.692123413085937500e-01,6.256058216094970703e-01,2.012525177001953125e+01,6.984355926513671875e+01,1.263281860351562500e+02,1.596733398437500000e+02,1.661625366210937500e+02,1.479611968994140625e+02,1.173203201293945312e+02,8.372930145263671875e+01,5.271446228027343750e+01,2.981231307983398438e+01,1.622138404846191406e+01,8.560010910034179688e+00,2.441840171813964844e+00,5.615186691284179688e-01,9.188113212585449219e-01,-2.617536485195159912e-02,6.168892383575439453e-01,8.207271099090576172e-01
3.128205776214599609e+00,-3.102625012397766113e-01,1.839516830444335938e+01,8.364621734619140625e+01,1.648909606933593750e+02,2.361247558593750000e+02,2.765696716308593750e+02,2.884028930664062500e+02,2.777644348144531250e+02,2.333305206298828125e+02,1.866663208007812500e+02,1.342624816894531250e+02,8.102693939208984375e+01,4.507914352416992188e+01,2.540435218811035156e+01,1.031710243225097656e+01,2.509510755538940430e+00,2.391049712896347046e-01,3.405743837356567383e-02,1.626960039138793945e-01
3.602427721023559570e+00,1.607979238033294678e-01,8.782098770141601562e+00,2.537637138366699219e+01,4.383981323242187500e+01,4.922573852539062500e+01,3.881507110595703125e+01,2.919189643859863281e+01,1.172463607788085938e+01,-9.439107775688171387e-01,-5.778985977172851562e+00,-5.205761909484863281e+00,-3.403533935546875000e+00,-1.915252447128295898e+00,3.610632568597793579e-02,-4.671158641576766968e-02,4.828188419342041016e-01,-1.960808485746383667e-01,1.193616509437561035e+00,1.034888982772827148e+00
-2.060597896575927734e+00,8.756395578384399414e-01,2.169008636474609375e+01,8.819669342041015625e+01,1.667102813720703125e+02,2.264512634277343750e+02,2.592788391113281250e+02,2.508006591796875000e+02,2.284621124267578125e+02,1.836963500976562500e+02,1.360368041992187500e+02,8.927579498291015625e+01,5.195256423950195312e+01,2.770012664794921875e+01,1.265632724761962891e+01,4.643217086791992188e+00,1.520686984062194824e+00,4.179499745368957520e-01,-5.046876668930053711e-01,-5.930317044258117676e-01
3.354794979095458984e+00,5.699294805526733398e-01,1.771565055847167969e+01,6.055628204345703125e+01,1.024526901245117188e+02,1.186666412353515625e+02,9.856737518310546875e+01,7.104956817626953125e+01,3.274575805664062500e+01,2.324240446090698242e+00,-1.148771572113037109e+01,-1.395064544677734375e+01,-1.178029537200927734e+01,-8.047652244567871094e+00,-1.193891286849975586e+00,-1.759884804487228394e-01,-9.426010251045227051e-01,-1.553438454866409302e-01,8.942471146583557129e-01,2.808034121990203857e-01
4.527358531951904297e+00,-1.980840116739273071e-01,3.361064910888671875e+01,1.472739562988281250e+02,2.860323181152343750e+02,4.015145874023437500e+02,4.620638732910156250e+02,4.715002441406250000e+02,4.440592346191406250e+02,3.683725280761718750e+02,2.876654968261718750e+02,2.030097656250000000e+02,1.219624557495117188e+02,6.789710998535156250e+01,3.682302093505859375e+01,1.487887477874755859e+01,3.310418367385864258e+00,4.512987136840820312e-01,5.658386349678039551e-01,1.024414658546447754e+00
2.626168251037597656e+00,6.282202601432800293e-01,2.071233558654785156e+01,7.119242858886718750e+01,1.218417205810546875e+02,1.441269073486328125e+02,1.275678100585937500e+02,9.737291717529296875e+01,5.528357696533203125e+01,2.002160835266113281e+01,-2.681530639529228210e-02,-7.589688301086425781e+00,-8.397943496704101562e+00,-6.208742141723632812e+00,-1.227343678474426270e+00,-3.125574886798858643e-01,-7.889745831489562988e-01,-1.486923396587371826e-01,7.058997154235839844e-01,2.758486270904541016e-01
-2.770528197288513184e-02,6.134115457534790039e-01,2.836213493347167969e+01,9.575421905517578125e+01,1.702406311035156250e+02,2.122358856201171875e+02,2.169247131347656250e+02,1.866277313232421875e+02,1.408076324462890625e+02,9.568276977539062500e+01,5.387377548217773438e+01,2.602189636230468750e+01,1.208904266357421875e+01,6.100718021392822266e+00,-5.153643488883972168e-01,-7.913308143615722656e-01,8.865357637405395508e-01,-1.679750084877014160e-01,2.591426074504852295e-01,9.626841545104980469e-01
1.419502496719360352e-02,4.938292503356933594e-01,1.788432884216308594e+01,6.031810760498046875e+01,1.080211181640625000e+02,1.357361755371093750e+02,1.407103881835937500e+02,1.232597503662109375e+02,9.581820678710937500e+01,6.676303100585937500e+01,4.035111999511718750e+01,2.152002716064453125e+01,1.092022418975830078e+01,5.568124771118164062e+00,8.316962718963623047e-01,-6.079012900590896606e-02,9.178782701492309570e-01,-8.518522977828979492e-02,1.246701776981353760e-01,3.859903514385223389e-01
7.949484586715698242e-01,5.736754536628723145e-01,2.143932151794433594e+01,7.255177307128906250e+01,1.261910705566406250e+02,1.534324645996093750e+02,1.473409118652343750e+02,1.198810882568359375e+02,8.113024139404296875e+01,4.589924240112304688e+01,1.981302261352539062e+01,5.270956039428710938e+00,-4.489521384239196777e-01,-1.410131454467773438e+00,-1.243105053901672363e+00,-6.331804394721984863e-01,-1.758828759193420410e-03,-1.570770740509033203e-01,1.626802980899810791e-01,1.972135901451110840e-01
1.690796375274658203e+00,3.869552612304687500e-01,1.623201179504394531e+01,5.292373275756835938e+01,9.220196533203125000e+01,1.110796356201171875e+02,1.048292083740234375e+02,8.537668609619140625e+01,5.607873916625976562e+01,3.049263763427734375e+01,1.227734470367431641e+01,2.939508914947509766e+00,-3.648609519004821777e-01,-7.609385848045349121e-01,-7.601086497306823730e-01,-4.316149950027465820e-01,3.409438729286193848e-01,-2.004230320453643799e-01,5.354639887809753418e-01,5.787987709045410156e-01
-4.926520586013793945e-01,7.505259513854980469e-01,2.442228698730468750e+01,8.578565216064453125e+01,1.550758056640625000e+02,1.972225494384765625e+02,2.081387634277343750e+02,1.853403167724609375e+02,1.488774719238281250e+02,1.076928634643554688e+02,6.806877899169921875e+01,3.811898040771484375e+01,2.032678222656250000e+01,1.057217693328857422e+01,2.490484237670898438e+00,4.371821582317352295e-01,1.000488638877868652e+00,2.646870911121368408e-02,2.396261096000671387e-01,6.040906906127929688e-01
-3.467560052871704102e+00,1.250281572341918945e+00,5.106301879882812500e+01,1.788490753173828125e+02,3.205048828125000000e+02,4.062913818359375000e+02,4.284214172363281250e+02,3.751772460937500000e+02,2.966167907714843750e+02,2.125514831542968750e+02,1.277999649047851562e+02,6.631370544433593750e+01,3.287685775756835938e+01,1.682029914855957031e+01,4.638317823410034180e-01,-1.018137574195861816e+00,1.271142363548278809e+00,3.612950444221496582e-03,-4.634063243865966797e-01,1.027741789817810059e+00
2.047445774078369141e-01,4.504382610321044922e-01,1.524831771850585938e+01,5.111128997802734375e+01,9.160683441162109375e+01,1.150431213378906250e+02,1.190405960083007812e+02,1.045195007324218750e+02,8.126388549804687500e+01,5.648128890991210938e+01,3.444331741333007812e+01,1.864416694641113281e+01,9.591934204101562500e+00,4.891145706176757812e+00,9.449754953384399414e-01,5.720291659235954285e-02,8.742529153823852539e-01,-8.871060609817504883e-02,1.573003232479095459e-01,3.102462291717529297e-01
1.939946174621582031e+00,3.858337104320526123e-01,1.748879432678222656e+01,5.704966735839843750e+01,1.001322631835937500e+02,1.213638305664062500e+02,1.162511825561523438e+02,9.648379516601562500e+01,6.563471984863281250e+01,3.834821319580078125e+01,1.763049888610839844e+01,6.350381374359130859e+00,1.873364329338073730e+00,6.572351455688476562e-01,-4.705565273761749268e-01,-3.859524428844451904e-01,4.964034557342529297e-01,-2.115644365549087524e-01,7.329852581024169922e-01,8.878374099731445312e-01
-1.690816998481750488e+00,8.201733231544494629e-01,3.200424575805664062e+01,1.102817382812500000e+02,1.942866363525390625e+02,2.420314483642578125e+02,2.463352661132812500e+02,2.081838684082031250e+02,1.551388397216796875e+02,1.024189987182617188e+02,5.550019454956054688e+01,2.437141799926757812e+01,9.184393882751464844e+00,3.584804773330688477e+00,-1.573486328125000000e+00,-1.135055422782897949e+00,3.678467869758605957e-01,-1.063582375645637512e-01,-5.718295574188232422e-01,-3.439605236053466797e-03
-1.370575308799743652e+00,1.409093737602233887e+00,4.295546722412109375e+01,1.541786804199218750e+02,2.664626464843750000e+02,3.255917968750000000e+02,3.129926452636718750e+02,2.506104888916015625e+02,1.697706756591796875e+02,9.419779968261718750e+01,3.890859985351562500e+01,7.143129825592041016e+00,-5.408264160156250000e+00,-6.781065464019775391e+00,-3.104879379272460938e+00,-1.176454782485961914e+00,-1.874298691749572754e+00,4.181146621704101562e-03,-8.320978283882141113e-01,-1.117006897926330566e+00
-1.117299795150756836e+00,1.070118188858032227e+00,3.636039733886718750e+01,1.280619506835937500e+02,2.230735168457031250e+02,2.743978271484375000e+02,2.693941650390625000e+02,2.206964569091796875e+02,1.554507141113281250e+02,9.332041931152343750e+01,4.429705047607421875e+01,1.446789932250976562e+01,1.456201910972595215e+00,-1.710589289665222168e+00,-2.183427333831787109e+00,-1.078366518020629883e+00,-7.214234471321105957e-01,-6.043859571218490601e-02,-5.405502319335937500e-01,-4.233501255512237549e-01
3.558424949645996094e+00,1.068559214472770691e-01,8.945223808288574219e+00,2.546732521057128906e+01,4.453760910034179688e+01,5.089055633544921875e+01,4.244266510009765625e+01,3.395315933227539062e+01,1.714806747436523438e+01,4.905504703521728516e+00,-1.267813801765441895e+00,-2.070367336273193359e+00,-1.206468582153320312e+00,-3.894644975662231445e-01,1.130978092551231384e-01,-6.182782724499702454e-02,7.518179416656494141e-01,-2.508719563484191895e-01,1.266073226928710938e+00,1.266541600227355957e+00
9.739197492599487305e-01,-8.729583770036697388e-02,1.782586288452148438e+01,7.929295349121093750e+01,1.548620452880859375e+02,2.206320495605468750e+02,2.596674499511718750e+02,2.669701843261718750e+02,2.559237670898437500e+02,2.139052581787109375e+02,1.691627502441406250e+02,1.196446685791015625e+02,7.138984680175781250e+01,3.930490112304687500e+01,2.130606269836425781e+01,8.534066200256347656e+00,2.280524492263793945e+00,2.537657618522644043e-01,-6.065623164176940918e-01,-4.846051335334777832e-01
-4.046171665191650391e+00,1.330501079559326172e+00,3.450916290283203125e+01,1.269300155639648438e+02,2.313176116943359375e+02,2.999536132812500000e+02,3.276310119628906250e+02,2.963840637207031250e+02,2.486210479736328125e+02,1.873940582275390625e+02,1.236885070800781250e+02,7.131585693359375000e+01,3.850675964355468750e+01,1.979536247253417969e+01,4.953228950500488281e+00,1.128368496894836426e+00,1.174085497856140137e+00,2.906603217124938965e-01,-6.688841581344604492e-01,-1.797830015420913696e-01
2.151849508285522461e+00,8.701862692832946777e-01,2.547594451904296875e+01,9.017066192626953125e+01,1.531908264160156250e+02,1.812405090332031250e+02,1.594887695312500000e+02,1.190594558715820312e+02,6.575502777099609375e+01,2.063207626342773438e+01,-4.025230407714843750e+00,-1.310932350158691406e+01,-1.370415401458740234e+01,-1.015664672851562500e+01,-2.034525871276855469e+00,-4.420244097709655762e-01,-1.649932026863098145e+00,-9.071148931980133057e-02,3.347914814949035645e-01,-3.913628458976745605e-01
3.200019598007202148e+00,2.683527171611785889e-01,1.203860092163085938e+01,3.785250854492187500e+01,6.495923614501953125e+01,7.510824584960937500e+01,6.330756759643554688e+01,4.810780715942382812e+01,2.399343872070312500e+01,5.361844062805175781e+00,-3.874026536941528320e+00,-5.717737197875976562e+00,-4.702533245086669922e+00,-2.978932857513427734e+00,-4.566521644592285156e-01,-1.484577208757400513e-01,1.747882813215255737e-01,-2.212360203266143799e-01,1.011261105537414551e+00,8.200554847717285156e-01
2.316539764404296875e+00,3.990933299064636230e-01,1.742889022827148438e+01,5.748535919189453125e+01,9.994675445556640625e+01,1.197180404663085938e+02,1.108924179077148438e+02,8.933137512207031250e+01,5.686537933349609375e+01,2.891533470153808594e+01,1.016754531860351562e+01,1.260355234146118164e+00,-1.575966358184814453e+00,-1.548949837684631348e+00,-6.009742617607116699e-01,-3.484813570976257324e-01,1.610108166933059692e-01,-1.820926070213317871e-01,7.490764856338500977e-01,7.205299139022827148e-01
3.095443725585937500e+00,3.869909644126892090e-01,1.541010856628417969e+01,5.072995758056640625e+01,8.705670166015625000e+01,1.019492721557617188e+02,8.838243865966796875e+01,6.760337066650390625e+01,3.659031677246093750e+01,1.155149364471435547e+01,-1.922283887863159180e+00,-6.024414539337158203e+00,-5.810791015625000000e+00,-4.006320476531982422e+00,-6.526507139205932617e-01,-1.927670687437057495e-01,-1.660429090261459351e-01,-1.899001002311706543e-01,9.419925212860107422e-01,6.772779226303100586e-01
-1.343020915985107422e+00,1.071805477142333984e+00,3.894091033935546875e+01,1.367980499267578125e+02,2.395413818359375000e+02,2.962367858886718750e+02,2.948002624511718750e+02,2.448718261718750000e+02,1.767991333007812500e+02,1.108910064697265625e+02,5.622328948974609375e+01,2.171030235290527344e+01,5.794775485992431641e+00,8.850235939025878906e-01,-1.893843173980712891e+00,-1.121522426605224609e+00,-4.186610281467437744e-01,-6.216525286436080933e-02,-5.033060312271118164e-01,-1.458381414413452148e-01
2.307119369506835938e+00,2.467193007469177246e-01,1.273751735687255859e+01,3.989494323730468750e+01,7.065911865234375000e+01,8.536693572998046875e+01,8.158459472656250000e+01,6.912537384033203125e+01,4.741296768188476562e+01,2.830785942077636719e+01,1.405807495117187500e+01,6.378171920776367188e+00,3.059925079345703125e+00,1.710280537605285645e+00,2.414367794990539551e-01,-1.216726452112197876e-01,8.003490567207336426e-01,-2.042646706104278564e-01,8.798100352287292480e-01,1.004600882530212402e+00
-3.494516849517822266e+00,1.060783386230468750e+00,3.524850463867187500e+01,1.254058380126953125e+02,2.261283111572265625e+02,2.896662292480468750e+02,3.110086669921875000e+02,2.761871032714843750e+02,2.247350463867187500e+02,1.648008880615234375e+02,1.039526519775390625e+02,5.694050216674804688e+01,2.931313514709472656e+01,1.490127658843994141e+01,2.122516393661499023e+00,-3.836789727210998535e-02,1.192651391029357910e+00,1.114706546068191528e-01,-7.560091614723205566e-01,3.431618213653564453e-02
3.380695819854736328e+00,9.905115514993667603e-02,8.218451499938964844e+00,2.290496444702148438e+01,3.994968795776367188e+01,4.519184494018554688e+01,3.692127227783203125e+01,2.904002571105957031e+01,1.356649971008300781e+01,2.347501277923583984e+00,-2.693200826644897461e+00,-2.842474937438964844e+00,-1.700083136558532715e+00,-7.461477518081665039e-01,6.209772825241088867e-02,-1.001712381839752197e-01,7.312802672386169434e-01,-2.234666049480438232e-01,1.145645618438720703e+00,1.115365266799926758e+00
1.753518879413604736e-01,-8.063432574272155762e-01,2.139432144165039062e+01,9.936383819580078125e+01,1.956481170654296875e+02,2.863964538574218750e+02,3.452848815917968750e+02,3.610571289062500000e+02,3.535402832031250000e+02,2.999684753417968750e+02,2.405418548583984375e+02,1.720008392333984375e+02,1.018016433715820312e+02,5.619667434692382812e+01,3.050920295715332031e+01,1.236573696136474609e+01,3.330745697021484375e+00,2.413726001977920532e-01,-2.231730937957763672e+00,-1.593336343765258789e+00
2.396753072738647461e+00,3.604422211647033691e-01,1.476496601104736328e+01,4.791207504272460938e+01,8.274125671386718750e+01,9.797650146484375000e+01,8.817829895019531250e+01,6.945761108398437500e+01,4.123004913330078125e+01,1.779363632202148438e+01,3.507447004318237305e+00,-2.231548786163330078e+00,-3.307521104812622070e+00,-2.440086841583251953e+00,-7.140432000160217285e-01,-3.082014918327331543e-01,1.364948898553848267e-01,-2.014993131160736084e-01,7.292707562446594238e-01,6.112353801727294922e-01
1.521691679954528809e+00,5.581520199775695801e-01,2.011652946472167969e+01,6.807621765136718750e+01,1.176504364013671875e+02,1.414310302734375000e+02,1.316565551757812500e+02,1.047135238647460938e+02,6.671652221679687500e+01,3.339526748657226562e+01,1.106647396087646484e+01,5.214805528521537781e-02,-3.435236215591430664e+00,-3.118916273117065430e+00,-1.206164479255676270e+00,-5.031641125679016113e-01,-2.195432782173156738e-01,-1.603454649448394775e-01,3.710997402667999268e-01,2.392861545085906982e-01
-3.939577043056488037e-01,8.531862497329711914e-01,2.980934143066406250e+01,1.037367782592773438e+02,1.805553741455078125e+02,2.213832092285156250e+02,2.160502624511718750e+02,1.765639495849609375e+02,1.229846878051757812e+02,7.261885833740234375e+01,3.360203170776367188e+01,1.040160560607910156e+01,5.317327380180358887e-01,-1.658006310462951660e+00,-1.824390888214111328e+00,-9.012157320976257324e-01,-4.165305495262145996e-01,-1.005212366580963135e-01,-2.931728661060333252e-01,-2.123487293720245361e-01
3.238495111465454102e+00,2.231146097183227539e-01,1.099115753173828125e+01,3.380694961547851562e+01,5.810461044311523438e+01,6.685369873046875000e+01,5.583362960815429688e+01,4.251216506958007812e+01,2.066076469421386719e+01,4.054402351379394531e+00,-3.968321561813354492e+00,-5.248710155487060547e+00,-4.096837520599365234e+00,-2.491225719451904297e+00,-3.626078367233276367e-01,-1.389473676681518555e-01,3.116497397422790527e-01,-2.300380021333694458e-01,1.041353821754455566e+00,8.890380859375000000e-01
-2.863442659378051758e+00,8.601428866386413574e-01,1.493134117126464844e+01,5.985843658447265625e+01,1.127022399902343750e+02,1.529371185302734375e+02,1.772068023681640625e+02,1.698104095458984375e+02,1.550867462158203125e+02,1.242414627075195312e+02,9.156748962402343750e+01,5.896044540405273438e+01,3.383298110961914062e+01,1.756639671325683594e+01,7.526158332824707031e+00,2.622085571289062500e+00,1.181062340736389160e+00,3.308942914009094238e-01,-8.189419507980346680e-01,-1.070066928863525391e+00
3.091981887817382812e+00,1.842305362224578857e-01,1.112315750122070312e+01,3.377439498901367188e+01,5.880455017089843750e+01,6.866117095947265625e+01,6.020670318603515625e+01,4.814758300781250000e+01,2.730889320373535156e+01,1.096351718902587891e+01,1.515149116516113281e+00,-1.423098444938659668e+00,-1.525186538696289062e+00,-8.556987643241882324e-01,-1.598584949970245361e-01,-1.640278697013854980e-01,5.728568434715270996e-01,-2.319862842559814453e-01,1.057260990142822266e+00,1.046259284019470215e+00
1.402766823768615723e+00,4.552692174911499023e-01,1.856946945190429688e+01,6.197344589233398438e+01,1.108911590576171875e+02,1.377662963867187500e+02,1.391422424316406250e+02,1.211309280395507812e+02,9.122393035888671875e+01,6.172956466674804688e+01,3.589349365234375000e+01,1.876060676574707031e+01,9.707612037658691406e+00,5.166196823120117188e+00,9.292256236076354980e-01,2.108988538384437561e-02,8.578090667724609375e-01,-1.413067877292633057e-01,7.426886558532714844e-01,1.017905235290527344e+00
-1.430639505386352539e+00,7.985518574714660645e-01,1.220395278930664062e+01,4.908172988891601562e+01,9.306310272216796875e+01,1.259253768920898438e+02,1.448084259033203125e+02,1.398342895507812500e+02,1.277697601318359375e+02,1.022634124755859375e+02,7.623415374755859375e+01,4.991135406494140625e+01,2.924105453491210938e+01,1.530121421813964844e+01,7.154082775115966797e+00,2.560748577117919922e+00,1.057478070259094238e+00,2.894221544265747070e-01,-2.070223689079284668e-01,-5.912663340568542480e-01
2.447154998779296875e+00,5.953276157379150391e-01,1.033756256103515625e+01,3.831547164916992188e+01,7.228466033935546875e+01,9.310993194580078125e+01,9.791452789306640625e+01,9.333183288574218750e+01,7.923954772949218750e+01,5.978291702270507812e+01,4.351683044433593750e+01,2.920510673522949219e+01,1.820971107482910156e+01,9.945528030395507812e+00,5.651778697967529297e+00,2.079921007156372070e+00,8.311076164245605469e-01,1.162755191326141357e-01,1.391923427581787109e+00,9.674854278564453125e-01
2.154304265975952148e+00,2.888634204864501953e-01,8.114154815673828125e+00,2.600766372680664062e+01,4.726768493652343750e+01,5.814432907104492188e+01,5.685973358154296875e+01,5.106907272338867188e+01,3.837122344970703125e+01,2.521184730529785156e+01,1.629948806762695312e+01,1.029268074035644531e+01,6.223638057708740234e+00,3.400152444839477539e+00,2.032073259353637695e+00,6.741135716438293457e-01,8.047381639480590820e-01,-8.512857556343078613e-02,8.453651070594787598e-01,6.586111783981323242e-01
3.211813688278198242e+00,2.015374302864074707e-01,1.059411525726318359e+01,3.208886718750000000e+01,5.544306182861328125e+01,6.397311782836914062e+01,5.410374832153320312e+01,4.200742721557617188e+01,2.142943382263183594e+01,5.793696880340576172e+00,-2.204632759094238281e+00,-3.801402568817138672e+00,-2.980265855789184570e+00,-1.732000112533569336e+00,-2.630517780780792236e-01,-1.328589320182800293e-01,4.490093588829040527e-01,-2.383913099765777588e-01,1.070763230323791504e+00,9.774762392044067383e-01
6.134902238845825195e-01,7.056812644004821777e-01,1.825712776184082031e+01,7.534536743164062500e+01,1.439583282470703125e+02,1.957036437988281250e+02,2.216669921875000000e+02,2.179367370605468750e+02,1.991989135742187500e+02,1.607537231445312500e+02,1.213442230224609375e+02,8.202704620361328125e+01,4.902914428710937500e+01,2.662426757812500000e+01,1.352276229858398438e+01,5.171848773956298828e+00,1.429892063140869141e+00,3.314994573593139648e-01,5.338661670684814453e-01,2.856275439262390137e-01
1.346529841423034668e+00,4.034517407417297363e-01,1.438587760925292969e+01,4.771179580688476562e+01,8.564155578613281250e+01,1.064905700683593750e+02,1.076340789794921875e+02,9.439693450927734375e+01,7.165451812744140625e+01,4.858333969116210938e+01,2.914551162719726562e+01,1.593813800811767578e+01,8.517712593078613281e+00,4.505335330963134766e+00,1.273544549942016602e+00,2.337865531444549561e-01,8.421950340270996094e-01,-1.111339777708053589e-01,6.353001594543457031e-01,7.293055057525634766e-01
2.714317321777343750e+00,2.355427443981170654e-01,1.259752941131591797e+01,3.912109375000000000e+01,6.836669158935546875e+01,8.101158905029296875e+01,7.379170227050781250e+01,6.005449676513671875e+01,3.708788299560546875e+01,1.825330543518066406e+01,5.983280658721923828e+00,8.315740227699279785e-01,-4.606619477272033691e-01,-3.438955545425415039e-01,-2.602299153804779053e-01,-2.378766983747482300e-01,5.853281617164611816e-01,-2.290086299180984497e-01,9.511173367500305176e-01,9.929354190826416016e-01
2.473014116287231445e+00,2.376128435134887695e-01,1.195440769195556641e+01,3.698524093627929688e+01,6.429384613037109375e+01,7.592286682128906250e+01,6.853650665283203125e+01,5.505384063720703125e+01,3.304825973510742188e+01,1.513759708404541016e+01,3.925239801406860352e+00,-4.944157600402832031e-01,-1.365221858024597168e+00,-9.270302653312683105e-01,-4.375774860382080078e-01,-2.695431113243103027e-01,5.220106840133666992e-01,-2.266413718461990356e-01,8.056044578552246094e-01,8.061946630477905273e-01
1.846177816390991211e+00,2.537890672683715820e-01,9.182214736938476562e+00,2.841374588012695312e+01,5.061136627197265625e+01,6.138121032714843750e+01,5.901515197753906250e+01,5.087492370605468750e+01,3.582927322387695312e+01,2.179346847534179688e+01,1.208540058135986328e+01,6.455799579620361328e+00,3.467450857162475586e+00,1.853713274002075195e+00,7.950831651687622070e-01,1.698933541774749756e-01,7.890321612358093262e-01,-1.515242159366607666e-01,6.550727486610412598e-01,5.966055393218994141e-01
7.349526882171630859e-01,4.903908371925354004e-01,1.834317207336425781e+01,6.192005920410156250e+01,1.110987930297851562e+02,1.390939331054687500e+02,1.427713470458984375e+02,1.251991195678710938e+02,9.652410125732421875e+01,6.682719421386718750e+01,4.020191192626953125e+01,2.161638450622558594e+01,1.124994373321533203e+01,5.874391078948974609e+00,1.180594563484191895e+00,8.602747321128845215e-02,8.847830295562744141e-01,-9.079021215438842773e-02,4.752468168735504150e-01,7.245774269104003906e-01
8.216337114572525024e-02,1.128273248672485352e+00,3.498154067993164062e+01,1.245117568969726562e+02,2.146366271972656250e+02,2.604117431640625000e+02,2.460039062500000000e+02,1.949089355468750000e+02,1.277761764526367188e+02,6.654241180419921875e+01,2.409283065795898438e+01,1.270563006401062012e+00,-6.907432079315185547e+00,-6.858213424682617188e+00,-2.450406312942504883e+00,-8.698741197586059570e-01,-1.522407054901123047e+00,-3.843297809362411499e-02,-2.975423336029052734e-01,-6.557921171188354492e-01
-5.513964176177978516e+00,1.675611138343811035e+00,4.005312728881835938e+01,1.588866424560546875e+02,2.961844482421875000e+02,3.960263366699218750e+02,4.477449035644531250e+02,4.221750183105468750e+02,3.750026245117187500e+02,2.966081237792968750e+02,2.111707763671875000e+02,1.324755096435546875e+02,7.540155792236328125e+01,3.976956558227539062e+01,1.538034152984619141e+01,5.260586261749267578e+00,1.732066869735717773e+00,6.923498511314392090e-01,-1.053325295448303223e+00,-7.744230031967163086e-01
1.541531920433044434e+00,-5.486176162958145142e-02,7.990807533264160156e+00,3.792658996582031250e+01,7.647450256347656250e+01,1.122402114868164062e+02,1.349789428710937500e+02,1.443342285156250000e+02,1.429489898681640625e+02,1.215281066894531250e+02,1.000374908447265625e+02,7.325720977783203125e+01,4.451112365722656250e+01,2.455568504333496094e+01,1.444567298889160156e+01,5.868739128112792969e+00,1.677877068519592285e+00,1.472471803426742554e-01,-1.528181135654449463e-01,-3.917355537414550781e-01
-1.948665380477905273e+00,8.266875743865966797e-01,2.380610466003417969e+01,8.476863098144531250e+01,1.535292968750000000e+02,1.971769561767578125e+02,2.122253417968750000e+02,1.901033782958984375e+02,1.561681213378906250e+02,1.151271820068359375e+02,7.442958068847656250e+01,4.214963150024414062e+01,2.235526847839355469e+01,1.141822242736816406e+01,2.592171907424926758e+00,4.533552527427673340e-01,1.052736401557922363e+00,8.793933689594268799e-02,-3.641293942928314209e-01,-3.475829958915710449e-02
8.110979795455932617e-01,7.560102343559265137e-01,2.807969856262207031e+01,9.667844390869140625e+01,1.690361480712890625e+02,2.068644866943359375e+02,2.010864105224609375e+02,1.657095336914062500e+02,1.153960342407226562e+02,6.882732391357421875e+01,3.247725296020507812e+01,1.116480827331542969e+01,2.151181459426879883e+00,-2.173931449651718140e-01,-1.149999976158142090e+00,-6.568347811698913574e-01,-1.476701200008392334e-01,-1.466674804687500000e-01,3.128697574138641357e-01,4.580839574337005615e-01
-1.184668302536010742e+00,9.944154024124145508e-01,3.399670791625976562e+01,1.193369903564453125e+02,2.078333282470703125e+02,2.557363586425781250e+02,2.515111541748046875e+02,2.061125183105468750e+02,1.454008789062500000e+02,8.748435974121093750e+01,4.165031814575195312e+01,1.366610336303710938e+01,1.419970512390136719e+00,-1.560423612594604492e+00,-2.157603502273559570e+00,-1.073145747184753418e+00,-5.834427475929260254e-01,-7.020869851112365723e-02,-5.877124667167663574e-01,-4.610351324081420898e-01
1.451182961463928223e+00,4.407342076301574707e-01,1.887653350830078125e+01,6.258665847778320312e+01,1.093423995971679688e+02,1.326947174072265625e+02,1.272028198242187500e+02,1.045232849121093750e+02,7.085248565673828125e+01,4.065095138549804688e+01,1.810220527648925781e+01,5.726851463317871094e+00,8.004751205444335938e-01,-2.638738155364990234e-01,-7.770639657974243164e-01,-4.924456477165222168e-01,2.957120537757873535e-01,-1.837773472070693970e-01,4.652034640312194824e-01,5.717253684997558594e-01
-1.047603607177734375e+00,6.833677291870117188e-01,1.267551994323730469e+01,4.662172317504882812e+01,8.610110473632812500e+01,1.128149566650390625e+02,1.247979888916015625e+02,1.158125152587890625e+02,1.000529785156250000e+02,7.648615264892578125e+01,5.372167205810546875e+01,3.324692535400390625e+01,1.882837677001953125e+01,9.682264328002929688e+00,3.827939748764038086e+00,1.233093023300170898e+00,9.302473068237304688e-01,1.230079531669616699e-01,-1.512174904346466064e-01,-3.413112163543701172e-01
1.684683918952941895e+00,5.404915809631347656e-01,2.035028839111328125e+01,6.895190429687500000e+01,1.191814804077148438e+02,1.431482543945312500e+02,1.329273681640625000e+02,1.056345291137695312e+02,6.706660461425781250e+01,3.325212860107421875e+01,1.082251167297363281e+01,-1.001528725028038025e-01,-3.570528268814086914e+00,-3.213056802749633789e+00,-1.115839123725891113e+00,-4.888848662376403809e-01,-2.362128496170043945e-01,-1.433273106813430786e-01,4.143971800804138184e-01,2.777500748634338379e-01
3.196486234664916992e+00,2.072565853595733643e-01,6.077548980712890625e+00,1.577625274658203125e+01,2.783036041259765625e+01,3.089176940917968750e+01,2.390630531311035156e+01,1.919240951538085938e+01,8.019478797912597656e+00,-1.377367824316024780e-01,-2.551926851272583008e+00,-1.637138009071350098e+00,-6.480807065963745117e-01,-2.685775160789489746e-01,7.147712707519531250e-01,2.183502018451690674e-01,7.235774993896484375e-01,-1.169591099023818970e-01,1.109326362609863281e+00,8.720002174377441406e-01
-1.568942427635192871e+00,1.311121821403503418e+00,4.304958343505859375e+01,1.532222900390625000e+02,2.666378479003906250e+02,3.280752868652343750e+02,3.214555358886718750e+02,2.626178588867187500e+02,1.845601501464843750e+02,1.101830215454101562e+02,5.177938079833984375e+01,1.629462814331054688e+01,9.119591116905212402e-01,-2.676395177841186523e+00,-2.573082685470581055e+00,-1.180673122406005859e+00,-1.227853417396545410e+00,-2.500203251838684082e-02,-7.147803306579589844e-01,-6.492663621902465820e-01
2.255118131637573242e+00,2.903985679149627686e-01,1.405414676666259766e+01,4.473303222656250000e+01,7.793280792236328125e+01,9.301823425292968750e+01,8.600244140625000000e+01,6.974132537841796875e+01,4.413518524169921875e+01,2.248610115051269531e+01,7.952272891998291016e+00,1.264677524566650391e+00,-7.641518712043762207e-01,-7.470498681068420410e-01,-5.008494257926940918e-01,-3.294048309326171875e-01,4.623272418975830078e-01,-2.098917514085769653e-01,7.328527569770812988e-01,7.651094198226928711e-01
-4.903220176696777344e+00,1.220175623893737793e+00,4.162758636474609375e+01,1.478972778320312500e+02,2.660163574218750000e+02,3.406268005371093750e+02,3.661151733398437500e+02,3.237039489746093750e+02,2.626385192871093750e+02,1.922802734375000000e+02,1.199563674926757812e+02,6.444676971435546875e+01,3.252611923217773438e+01,1.638882827758789062e+01,1.368285536766052246e+00,-4.955025315284729004e-01,1.255595922470092773e+00,1.059427708387374878e-01,-1.205236673355102539e+00,-1.373956352472305298e-01
3.477580070495605469e+00,1.843325197696685791e-01,6.816128730773925781e+00,1.768001747131347656e+01,3.093302917480468750e+01,3.407117462158203125e+01,2.589965438842773438e+01,2.010981178283691406e+01,7.243182659149169922e+00,-1.696538329124450684e+00,-4.507366180419921875e+00,-3.235116004943847656e+00,-1.677681565284729004e+00,-7.908812165260314941e-01,3.904694914817810059e-01,7.618157565593719482e-02,7.271606922149658203e-01,-1.413646489381790161e-01,1.203596830368041992e+00,1.018050909042358398e+00
4.218166828155517578e+00,5.690087676048278809e-01,1.409169673919677734e+01,5.951383972167968750e+01,1.159882278442382812e+02,1.571885528564453125e+02,1.737084655761718750e+02,1.755232849121093750e+02,1.606826629638671875e+02,1.300746459960937500e+02,1.011372146606445312e+02,7.164368438720703125e+01,4.472802734375000000e+01,2.491331672668457031e+01,1.450914382934570312e+01,5.761894702911376953e+00,1.263527512550354004e+00,2.801959514617919922e-01,2.054507493972778320e+00,1.537022948265075684e+00
-3.266963481903076172e+00,1.177176237106323242e+00,2.000216102600097656e+01,7.877957916259765625e+01,1.471286926269531250e+02,1.964189605712890625e+02,2.232626037597656250e+02,2.102672119140625000e+02,1.875003662109375000e+02,1.479231262207031250e+02,1.059342803955078125e+02,6.630782318115234375e+01,3.787174987792968750e+01,1.962021446228027344e+01,7.699677467346191406e+00,2.557638406753540039e+00,1.120974183082580566e+00,4.108330607414245605e-01,-5.525332689285278320e-01,-7.810815572738647461e-01
1.737452864646911621e+00,3.209455609321594238e-01,1.471830940246582031e+01,4.705783462524414062e+01,8.224780273437500000e+01,9.909156799316406250e+01,9.396626281738281250e+01,7.721385955810546875e+01,5.118912887573242188e+01,2.852340888977050781e+01,1.207939910888671875e+01,3.578209638595581055e+00,4.699614346027374268e-01,-8.789965510368347168e-02,-6.278159618377685547e-01,-4.196504950523376465e-01,5.353873372077941895e-01,-2.096911221742630005e-01,5.675393939018249512e-01,6.656360626220703125e-01
-8.165023326873779297e-01,7.254211902618408203e-01,1.233177661895751953e+01,4.639338302612304688e+01,8.642391967773437500e+01,1.138845520019531250e+02,1.267516860961914062e+02,1.190098037719726562e+02,1.042376708984375000e+02,8.060281372070312500e+01,5.771276473999023438e+01,3.649119949340820312e+01,2.106725502014160156e+01,1.092464351654052734e+01,4.733194828033447266e+00,1.587332963943481445e+00,9.329230785369873047e-01,1.775050610303878784e-01,1.682296395301818848e-02,-2.612179815769195557e-01
-1.016410708427429199e+00,1.563438892364501953e+00,4.476675415039062500e+01,1.623893737792968750e+02,2.788000183105468750e+02,3.382561645507812500e+02,3.183454284667968750e+02,2.494641876220703125e+02,1.618441619873046875e+02,8.156071472167968750e+01,2.704859161376953125e+01,-2.131932258605957031e+00,-1.220423126220703125e+01,-1.131350994110107422e+01,-3.647685527801513672e+00,-1.135818600654602051e+00,-2.721496343612670898e+00,3.871195018291473389e-02,-8.950715661048889160e-01,-1.561933875083923340e+00
1.616230130195617676e+00,2.995820641517639160e-01,9.293634414672851562e+00,2.958819961547851562e+01,5.312641525268554688e+01,6.533663940429687500e+01,6.447410583496093750e+01,5.665476989746093750e+01,4.198806381225585938e+01,2.727360153198242188e+01,1.653382682800292969e+01,9.496480941772460938e+00,5.303963184356689453e+00,2.813379526138305664e+00,1.263124108314514160e+00,3.473275899887084961e-01,8.081643581390380859e-01,-1.162811666727066040e-01,6.037679314613342285e-01,5.137338638305664062e-01
2.359564781188964844e+00,2.670613825321197510e-01,1.552287292480468750e+01,4.942953491210937500e+01,8.724688720703125000e+01,1.055279006958007812e+02,1.010889282226562500e+02,8.488858795166015625e+01,5.802952575683593750e+01,3.447296524047851562e+01,1.646032524108886719e+01,6.783267974853515625e+00,2.798423767089843750e+00,1.472781777381896973e+00,-1.120925620198249817e-01,-3.182457685470581055e-01,7.441805601119995117e-01,-2.094273716211318970e-01,9.009969234466552734e-01,1.117061257362365723e+00
2.330422639846801758e+00,5.467385649681091309e-01,1.807919311523437500e+01,6.126847839355468750e+01,1.046662139892578125e+02,1.235183639526367188e+02,1.089137802124023438e+02,8.277617645263671875e+01,4.622499847412109375e+01,1.584936809539794922e+01,-1.150011658668518066e+00,-7.299778938293457031e+00,-7.695631504058837891e+00,-5.584925651550292969e+00,-1.246682047843933105e+00,-3.381305038928985596e-01,-5.531643033027648926e-01,-1.700898706912994385e-01,5.803203582763671875e-01,2.081373035907745361e-01
2.288139343261718750e+00,2.314704060554504395e-01,1.054290485382080078e+01,3.262029647827148438e+01,5.790715789794921875e+01,6.977774810791015625e+01,6.613809204101562500e+01,5.636547851562500000e+01,3.852079391479492188e+01,2.267733001708984375e+01,1.159176158905029297e+01,5.691485881805419922e+00,2.952152490615844727e+00,1.652335882186889648e+00,5.900461673736572266e-01,6.594806909561157227e-02,7.934243083000183105e-01,-1.811619400978088379e-01,8.398434519767761230e-01,8.573381900787353516e-01
5.053616762161254883e-01,5.406783223152160645e-01,8.425013542175292969e+00,3.094313430786132812e+01,5.806480026245117188e+01,7.599532318115234375e+01,8.312626647949218750e+01,7.898559570312500000e+01,6.888834381103515625e+01,5.271021270751953125e+01,3.868501663208007812e+01,2.542666816711425781e+01,1.517108917236328125e+01,7.960335731506347656e+00,4.123302936553955078e+00,1.458393573760986328e+00,8.734393119812011719e-01,9.999597072601318359e-02,3.850624263286590576e-01,2.369278669357299805e-02
6.391875147819519043e-01,2.600979208946228027e-01,1.131799030303955078e+01,4.949829483032226562e+01,9.681838226318359375e+01,1.367086639404296875e+02,1.603602294921875000e+02,1.641937561035156250e+02,1.569086456298828125e+02,1.303123626708984375e+02,1.031776275634765625e+02,7.278276824951171875e+01,4.373284912109375000e+01,2.385406494140625000e+01,1.312733459472656250e+01,5.191525459289550781e+00,1.534885764122009277e+00,2.185545116662979126e-01,-1.004284098744392395e-01,-3.488740622997283936e-01
3.498737096786499023e+00,2.537830471992492676e-01,1.180278110504150391e+01,3.688833618164062500e+01,6.338049697875976562e+01,7.302635192871093750e+01,6.082667541503906250e+01,4.623485565185546875e+01,2.244227027893066406e+01,4.374926090240478516e+00,-4.381117343902587891e+00,-5.795012474060058594e+00,-4.529755592346191406e+00,-2.776105880737304688e+00,-3.237982094287872314e-01,-7.990159094333648682e-02,2.034584730863571167e-01,-2.377903461456298828e-01,1.151955723762512207e+00,9.673300981521606445e-01
9.870144128799438477e-01,9.936541318893432617e-01,2.936168098449707031e+01,1.043532485961914062e+02,1.784385223388671875e+02,2.139494476318359375e+02,1.956478424072265625e+02,1.505744323730468750e+02,9.171596527099609375e+01,3.989782333374023438e+01,7.751366138458251953e+00,-7.246262073516845703e+00,-1.108661270141601562e+01,-8.974225044250488281e+00,-2.358191251754760742e+00,-6.684401631355285645e-01,-1.629559755325317383e+00,-6.835085153579711914e-02,-6.307273358106613159e-02,-6.449778079986572266e-01
3.501218318939208984e+00,2.107303142547607422e-01,6.830447196960449219e+00,1.780052375793457031e+01,3.107896423339843750e+01,3.417177581787109375e+01,2.569535446166992188e+01,1.975334930419921875e+01,6.717926979064941406e+00,-2.318030118942260742e+00,-5.016303062438964844e+00,-3.586290121078491211e+00,-1.917205095291137695e+00,-9.665387868881225586e-01,4.058017730712890625e-01,1.087532341480255127e-01,6.762223839759826660e-01,-1.309248656034469604e-01,1.211111664772033691e+00,9.897931814193725586e-01
2.901040554046630859e+00,2.588290572166442871e-01,1.171396350860595703e+01,3.642606735229492188e+01,6.280437850952148438e+01,7.311925506591796875e+01,6.315258789062500000e+01,4.905319595336914062e+01,2.632481193542480469e+01,8.537042617797851562e+00,-1.109924554824829102e+00,-3.767317056655883789e+00,-3.371606111526489258e+00,-2.130740642547607422e+00,-4.650675356388092041e-01,-1.899390518665313721e-01,3.272396326065063477e-01,-2.314842194318771362e-01,9.349176883697509766e-01,8.185743093490600586e-01
3.218048095703125000e+00,3.972480297088623047e-01,1.911613464355468750e+01,6.305749511718750000e+01,1.106766967773437500e+02,1.331261444091796875e+02,1.243709259033203125e+02,1.024733505249023438e+02,6.737141418457031250e+01,3.720023727416992188e+01,1.565630054473876953e+01,4.942636966705322266e+00,1.102982759475708008e+00,2.539947032928466797e-01,-2.509266138076782227e-03,-1.624505370855331421e-01,3.040440678596496582e-01,-2.061172574758529663e-01,1.269741296768188477e+00,1.353000521659851074e+00
2.602447271347045898e+00,1.776154339313507080e-01,8.158404350280761719e+00,2.394026184082031250e+01,4.227676773071289062e+01,4.972307586669921875e+01,4.452499389648437500e+01,3.726741027832031250e+01,2.298013305664062500e+01,1.119650363922119141e+01,4.486216545104980469e+00,1.914860129356384277e+00,1.053146123886108398e+00,6.788122057914733887e-01,5.396643280982971191e-01,1.138601154088973999e-01,7.644485831260681152e-01,-1.953009068965911865e-01,9.045014381408691406e-01,8.347812891006469727e-01
2.113137245178222656e+00,5.010463595390319824e-01,2.056262969970703125e+01,6.903364562988281250e+01,1.203510818481445312e+02,1.453306732177734375e+02,1.369144592285156250e+02,1.114300689697265625e+02,7.353927612304687500e+01,4.018388366699218750e+01,1.639392089843750000e+01,4.059644222259521484e+00,-4.264290928840637207e-01,-1.067440748214721680e+00,-6.575661897659301758e-01,-3.720150887966156006e-01,5.347308516502380371e-02,-1.847148835659027100e-01,7.324787974357604980e-01,7.515550851821899414e-01
-1.463112473487854004e+00,8.956155776977539062e-01,4.013319396972656250e+01,1.380139007568359375e+02,2.463709411621093750e+02,3.098305358886718750e+02,3.220613708496093750e+02,2.796457824707031250e+02,2.163016357421875000e+02,1.516226806640625000e+02,8.831740570068359375e+01,4.424875259399414062e+01,2.137391281127929688e+01,1.096331214904785156e+01,-4.367084503173828125e-01,-1.063395380973815918e+00,1.083684206008911133e+00,-1.347577869892120361e-01,1.472780108451843262e-02,1.183302164077758789e+00
2.325446128845214844e+00,5.171011090278625488e-01,1.541636180877685547e+01,5.334028625488281250e+01,9.727515411376953125e+01,1.221662826538085938e+02,1.244207458496093750e+02,1.121724700927734375e+02,8.821617126464843750e+01,6.237914657592773438e+01,4.022511291503906250e+01,2.411846733093261719e+01,1.407781505584716797e+01,7.704042434692382812e+00,3.329757213592529297e+00,1.066758394241333008e+00,8.344467878341674805e-01,-3.744775801897048950e-02,1.256391406059265137e+00,1.222845554351806641e+00
3.640304327011108398e+00,1.709556281566619873e-01,9.124094963073730469e+00,2.679205513000488281e+01,4.614791870117187500e+01,5.182998275756835938e+01,4.074594116210937500e+01,3.028069686889648438e+01,1.188008785247802734e+01,-1.555633664131164551e+00,-6.575592041015625000e+00,-5.929057121276855469e+00,-3.985885381698608398e+00,-2.318925619125366211e+00,-6.349079310894012451e-03,-5.462520942091941833e-02,4.060692787170410156e-01,-1.879852116107940674e-01,1.187191128730773926e+00,1.000337004661560059e+00
3.023133754730224609e+00,6.619294285774230957e-01,2.021990203857421875e+01,7.009095764160156250e+01,1.188549423217773438e+02,1.389373321533203125e+02,1.183606491088867188e+02,8.682743835449218750e+01,4.372587585449218750e+01,8.627759933471679688e+00,-8.750116348266601562e+00,-1.341988754272460938e+01,-1.217919826507568359e+01,-8.563035964965820312e+00,-1.427463769912719727e+00,-2.442117780447006226e-01,-1.151112198829650879e+00,-1.441505253314971924e-01,7.480227947235107422e-01,1.119402945041656494e-01
3.586447954177856445e+00,1.733155846595764160e-01,8.245642662048339844e+00,2.323058128356933594e+01,4.018377304077148438e+01,4.480485153198242188e+01,3.477972030639648438e+01,2.609363746643066406e+01,9.803407669067382812e+00,-1.888316273689270020e+00,-5.989402294158935547e+00,-5.050637245178222656e+00,-3.187773942947387695e+00,-1.779513597488403320e+00,1.075009107589721680e-01,-2.182018011808395386e-02,5.402370095252990723e-01,-1.799790263175964355e-01,1.188109397888183594e+00,1.011154294013977051e+00
-8.846133947372436523e-01,1.336016416549682617e+00,3.958558273315429688e+01,1.422012329101562500e+02,2.447319946289062500e+02,2.975531616210937500e+02,2.821959228515625000e+02,2.230390930175781250e+02,1.469356231689453125e+02,7.688455963134765625e+01,2.799415206909179688e+01,1.204999327659606934e+00,-8.534297943115234375e+00,-8.459707260131835938e+00,-3.139683961868286133e+00,-1.070507168769836426e+00,-1.990205049514770508e+00,-7.610961794853210449e-03,-7.466641664505004883e-01,-1.192324757575988770e+00
5.191369056701660156e-01,4.736998081207275391e-01,1.717160034179687500e+01,5.794836044311523438e+01,1.040346069335937500e+02,1.305053253173828125e+02,1.345773010253906250e+02,1.182704162597656250e+02,9.178185272216796875e+01,6.380178070068359375e+01,3.883533096313476562e+01,2.110295486450195312e+01,1.098574829101562500e+01,5.685332775115966797e+00,1.219305992126464844e+00,1.066417545080184937e-01,9.110616445541381836e-01,-7.908764481544494629e-02,3.409185707569122314e-01,5.498654842376708984e-01
8.043293952941894531e+00,-3.114316761493682861e-01,2.013782310485839844e+01,9.196302795410156250e+01,1.827450256347656250e+02,2.587560119628906250e+02,2.946312255859375000e+02,3.105512084960937500e+02,2.960390625000000000e+02,2.479449768066406250e+02,1.996886291503906250e+02,1.464589996337890625e+02,9.056872558593750000e+01,5.123574447631835938e+01,3.044793510437011719e+01,1.258863258361816406e+01,2.533899545669555664e+00,2.497858554124832153e-01,2.253882884979248047e+00,2.161164760589599609e+00
3.598179817199707031e+00,1.845140755176544189e-01,8.613052368164062500e+00,2.476111602783203125e+01,4.270956039428710938e+01,4.771922302246093750e+01,3.711657714843750000e+01,2.757256507873535156e+01,1.032475376129150391e+01,-2.145004987716674805e+00,-6.561810970306396484e+00,-5.664571762084960938e+00,-3.694247484207153320e+00,-2.128579378128051758e+00,4.328862577676773071e-02,-3.634181618690490723e-02,4.593325853347778320e-01,-1.776141226291656494e-01,1.185436129570007324e+00,9.867001771926879883e-01
1.005377531051635742e+00,7.131363153457641602e-01,2.560182952880859375e+01,8.835968017578125000e+01,1.533098754882812500e+02,1.860530242919921875e+02,1.769414672851562500e+02,1.426758422851562500e+02,9.512750244140625000e+01,5.204920578002929688e+01,2.113207054138183594e+01,4.334950923919677734e+00,-2.036498308181762695e+00,-2.748301029205322266e+00,-1.372702598571777344e+00,-6.290653347969055176e-01,-4.201830625534057617e-01,-1.217791363596916199e-01,2.122336626052856445e-01,1.427175998687744141e-01
1.715634465217590332e-01,6.472402811050415039e-01,1.497801017761230469e+01,5.372241973876953125e+01,9.855490112304687500e+01,1.267640380859375000e+02,1.356410675048828125e+02,1.240848083496093750e+02,1.032639236450195312e+02,7.668079376220703125e+01,5.198123931884765625e+01,3.157621383666992188e+01,1.794603157043457031e+01,9.409283638000488281e+00,3.695878028869628906e+00,1.144443035125732422e+00,9.276411533355712891e-01,7.605175673961639404e-02,3.898108601570129395e-01,3.025317490100860596e-01
2.748270988464355469e+00,2.261750400066375732e-01,1.196915817260742188e+01,3.689244842529296875e+01,6.425477600097656250e+01,7.568621826171875000e+01,6.792006683349609375e+01,5.465825271606445312e+01,3.255187606811523438e+01,1.470335674285888672e+01,3.678130865097045898e+00,-4.973323345184326172e-01,-1.230162858963012695e+00,-7.911262512207031250e-01,-3.120519220829010010e-01,-2.346688359975814819e-01,5.560755133628845215e-01,-2.268180698156356812e-01,9.291818737983703613e-01,9.347912073135375977e-01
2.473036050796508789e+00,2.305747270584106445e-01,1.246299076080322266e+01,3.854690551757812500e+01,6.746401977539062500e+01,8.027156829833984375e+01,7.404750061035156250e+01,6.071028900146484375e+01,3.839797210693359375e+01,1.989688110351562500e+01,7.356627464294433594e+00,1.736075401306152344e+00,9.495020657777786255e-02,-6.064780056476593018e-03,-3.167042732238769531e-01,-2.778574824333190918e-01,6.578841209411621094e-01,-2.334344983100891113e-01,8.620407581329345703e-01,9.421463012695312500e-01
5.578038692474365234e-01,6.065546870231628418e-01,2.417986297607421875e+01,8.222219848632812500e+01,1.438032379150390625e+02,1.761762695312500000e+02,1.722272644042968750e+02,1.423682403564453125e+02,9.977824401855468750e+01,6.013382720947265625e+01,2.886234092712402344e+01,1.035970211029052734e+01,2.313476324081420898e+00,1.338388919830322266e-01,-1.104427576065063477e+00,-6.798875927925109863e-01,1.200977116823196411e-01,-1.445770114660263062e-01,1.437016129493713379e-01,3.270813226699829102e-01
-1.295867800712585449e+00,7.905341386795043945e-01,1.041982841491699219e+01,4.171555328369140625e+01,7.919261932373046875e+01,1.070208358764648438e+02,1.232622146606445312e+02,1.189839935302734375e+02,1.088602600097656250e+02,8.699057769775390625e+01,6.503045654296875000e+01,4.255551528930664062e+01,2.501329803466796875e+01,1.299989604949951172e+01,6.136533260345458984e+00,2.187897920608520508e+00,9.773899316787719727e-01,2.650575637817382812e-01,-1.503443419933319092e-01,-5.909415483474731445e-01
2.687910556793212891e+00,3.534623086452484131e-01,1.531740570068359375e+01,4.990254211425781250e+01,8.635006713867187500e+01,1.022465744018554688e+02,9.191973114013671875e+01,7.263863372802734375e+01,4.327797317504882812e+01,1.887097930908203125e+01,4.003582000732421875e+00,-1.942274332046508789e+00,-3.123980045318603516e+00,-2.326843023300170898e+00,-5.498920679092407227e-01,-2.666110992431640625e-01,1.252331286668777466e-01,-1.880630254745483398e-01,8.511077165603637695e-01,7.371397018432617188e-01
-1.418298602104187012e+00,6.600098609924316406e-01,2.507406234741210938e+01,1.039123306274414062e+02,1.975462951660156250e+02,2.710497436523437500e+02,3.114164733886718750e+02,3.054079895019531250e+02,2.810290832519531250e+02,2.281893310546875000e+02,1.714809112548828125e+02,1.148176422119140625e+02,6.724995422363281250e+01,3.634930038452148438e+01,1.740505218505859375e+01,6.629609107971191406e+00,1.895021915435791016e+00,4.007925987243652344e-01,-5.881015658378601074e-01,-4.850625693798065186e-01
3.172705650329589844e+00,2.531049251556396484e-01,5.712357044219970703e+00,1.434048938751220703e+01,2.532557678222656250e+01,2.786008644104003906e+01,2.091189575195312500e+01,1.673716163635253906e+01,6.242140293121337891e+00,-1.236088752746582031e+00,-3.129105806350708008e+00,-1.876891016960144043e+00,-7.200882434844970703e-01,-3.362269997596740723e-01,7.370484471321105957e-01,2.761078774929046631e-01,6.685230135917663574e-01,-1.020004376769065857e-01,1.105598330497741699e+00,8.224304914474487305e-01
-7.027574181556701660e-01,8.342389464378356934e-01,3.175503921508789062e+01,1.099469451904296875e+02,1.928568725585937500e+02,2.383296661376953125e+02,2.375701141357421875e+02,1.981215362548828125e+02,1.433150024414062500e+02,9.042876434326171875e+01,4.629334259033203125e+01,1.845085716247558594e+01,5.565678119659423828e+00,1.416426062583923340e+00,-1.493509054183959961e+00,-9.761978387832641602e-01,1.175358891487121582e-02,-1.000819206237792969e-01,-2.562750875949859619e-01,9.952233731746673584e-02
1.141536474227905273e+00,3.488285243511199951e-01,1.755849647521972656e+01,5.682208251953125000e+01,1.003978958129882812e+02,1.232364959716796875e+02,1.222564926147460938e+02,1.036784667968750000e+02,7.452516174316406250e+01,4.754327011108398438e+01,2.482701301574707031e+01,1.105657196044921875e+01,4.732125282287597656e+00,2.369207859039306641e+00,-5.176535844802856445e-01,-5.327324867248535156e-01,8.155253529548645020e-01,-2.071735560894012451e-01,4.474739730358123779e-01,7.840970754623413086e-01
1.339536160230636597e-02,9.920353889465332031e-01,3.129994392395019531e+01,1.107100524902343750e+02,1.907715759277343750e+02,2.314009704589843750e+02,2.188214263916015625e+02,1.733564147949218750e+02,1.136185684204101562e+02,5.912951660156250000e+01,2.137310028076171875e+01,1.067330241203308105e+00,-6.213025569915771484e+00,-6.125894069671630859e+00,-2.325672864913940430e+00,-8.591047525405883789e-01,-1.223990201950073242e+00,-6.181384623050689697e-02,-3.324841856956481934e-01,-6.322090625762939453e-01
-7.104240894317626953e+00,1.402896046638488770e+00,3.007762718200683594e+01,1.188654937744140625e+02,2.208593444824218750e+02,2.969366760253906250e+02,3.414404602050781250e+02,3.205140991210937500e+02,2.872508239746093750e+02,2.278274230957031250e+02,1.621488647460937500e+02,1.003631973266601562e+02,5.589748001098632812e+01,2.879220581054687500e+01,1.010913181304931641e+01,3.194889545440673828e+00,1.567981004714965820e+00,5.976857542991638184e-01,-2.128454446792602539e+00,-1.950535655021667480e+00
2.742507696151733398e+00,2.776344716548919678e-01,1.347527313232421875e+01,4.265702819824218750e+01,7.421857452392578125e+01,8.788011169433593750e+01,7.942844390869140625e+01,6.384633255004882812e+01,3.870258331298828125e+01,1.807460212707519531e+01,5.025127887725830078e+00,-2.846791446208953857e-01,-1.446836709976196289e+00,-1.048839807510375977e+00,-3.587899506092071533e-01,-2.263179272413253784e-01,4.101662635803222656e-01,-2.250684201717376709e-01,9.363800883293151855e-01,9.197310209274291992e-01
1.355486392974853516e+00,1.039011716842651367e+00,2.991201019287109375e+01,1.069238052368164062e+02,1.819994812011718750e+02,2.167919616699218750e+02,1.945605163574218750e+02,1.468668365478515625e+02,8.527088928222656250e+01,3.182056236267089844e+01,7.194387912750244141e-01,-1.237129592895507812e+01,-1.467065525054931641e+01,-1.121835231781005859e+01,-2.624274492263793945e+00,-6.185402870178222656e-01,-2.062057495117187500e+00,-1.094913408160209656e-01,-3.311187028884887695e-04,-8.625437021255493164e-01
1.496877551078796387e+00,5.959647893905639648e-01,2.142151451110839844e+01,7.295845794677734375e+01,1.262458114624023438e+02,1.521111755371093750e+02,1.422459106445312500e+02,1.135603637695312500e+02,7.318816375732421875e+01,3.753283691406250000e+01,1.323006439208984375e+01,9.516780972480773926e-01,-3.134566545486450195e+00,-3.036592721939086914e+00,-1.197184085845947266e+00,-5.058097243309020996e-01,-2.863103747367858887e-01,-1.503701657056808472e-01,3.786657452583312988e-01,2.538383901119232178e-01
-3.360399723052978516e+00,1.387793421745300293e+00,4.931485748291015625e+01,1.749261932373046875e+02,3.066550598144531250e+02,3.813490905761718750e+02,3.842141418457031250e+02,3.206497802734375000e+02,2.357059783935546875e+02,1.514944152832031250e+02,7.926900482177734375e+01,3.207674407958984375e+01,9.532867431640625000e+00,2.119822025299072266e+00,-2.591917991638183594e+00,-1.555349946022033691e+00,-6.617603898048400879e-01,8.179500699043273926e-03,-1.224347352981567383e+00,-6.658499240875244141e-01
1.726166129112243652e+00,8.949140310287475586e-01,2.972270965576171875e+01,1.046892395019531250e+02,1.804057617187500000e+02,2.171203918457031250e+02,2.008687286376953125e+02,1.580325927734375000e+02,9.985818481445312500e+01,4.835050964355468750e+01,1.461749267578125000e+01,-1.951675653457641602e+00,-7.112569808959960938e+00,-6.269875526428222656e+00,-1.631383657455444336e+00,-5.380967855453491211e-01,-1.212350845336914062e+00,-8.356130123138427734e-02,3.748592734336853027e-01,3.090739250183105469e-03
6.532262563705444336e-01,5.826602578163146973e-01,2.361101722717285156e+01,7.982424163818359375e+01,1.399195556640625000e+02,1.716010894775390625e+02,1.684236297607421875e+02,1.399822235107421875e+02,9.883744049072265625e+01,6.048373031616210938e+01,2.970380210876464844e+01,1.129536724090576172e+01,3.194465398788452148e+00,7.847566008567810059e-01,-9.976815581321716309e-01,-6.642808318138122559e-01,2.665410041809082031e-01,-1.598015278577804565e-01,2.212271690368652344e-01,4.549864232540130615e-01
-4.038517475128173828e+00,1.342266082763671875e+00,3.384606170654296875e+01,1.259587631225585938e+02,2.304847564697265625e+02,3.001617126464843750e+02,3.297879028320312500e+02,3.003822021484375000e+02,2.546182556152343750e+02,1.934842224121093750e+02,1.296904602050781250e+02,7.613185119628906250e+01,4.161935424804687500e+01,2.147565269470214844e+01,6.128108978271484375e+00,1.558798313140869141e+00,1.247426509857177734e+00,3.710901141166687012e-01,-6.505540609359741211e-01,-2.448683083057403564e-01
3.147822380065917969e+00,1.032565161585807800e-01,1.304512977600097656e+01,5.834123992919921875e+01,1.152647476196289062e+02,1.629388275146484375e+02,1.881612243652343750e+02,1.958657531738281250e+02,1.870996551513671875e+02,1.560416259765625000e+02,1.249679565429687500e+02,9.015147399902343750e+01,5.515639114379882812e+01,3.066560554504394531e+01,1.774114608764648438e+01,7.198390960693359375e+00,1.757116794586181641e+00,2.102650552988052368e-01,7.748207449913024902e-01,5.227302312850952148e-01
-2.974296212196350098e-01,6.097359061241149902e-01,1.962955474853515625e+01,6.796601867675781250e+01,1.226005172729492188e+02,1.554844512939453125e+02,1.635344543457031250e+02,1.451813964843750000e+02,1.159054183959960938e+02,8.305120849609375000e+01,5.226040649414062500e+01,2.912962341308593750e+01,1.539550018310546875e+01,7.932536602020263672e+00,1.835036635398864746e+00,2.807507216930389404e-01,9.552141427993774414e-01,-1.523337513208389282e-02,1.362910568714141846e-01,3.783649504184722900e-01
